number_of_nodes,number_of_edges,time,number_of_path_edges,distance_m,start_id,end_id,datetime
807,1757,0.17682695388793945,37,49281.67771840384,1555494272,963521425,2020-09-29 13:28:20
807,1757,0.05789446830749512,50,59723.479310448354,446095919,1482351270,2020-09-29 13:28:20
807,1757,0.025032520294189453,10,6055.551804458513,259449272,2073937490,2020-09-29 13:28:20
807,1757,0.028799772262573242,39,29959.94821344549,1530751194,108008608,2020-09-29 13:28:20
807,1757,0.024355411529541016,4,478.5921330741688,108231616,302269831,2020-09-29 13:28:20
807,1757,0.021689653396606445,44,21517.88775952199,108377933,370589299,2020-09-29 13:28:20
807,1757,0.02402973175048828,42,54956.27633053335,1580680255,2442714505,2020-09-29 13:28:20
807,1757,0.02183389663696289,49,69114.4145520384,25695063,268623844,2020-09-29 13:28:20
807,1757,0.021289825439453125,27,38301.01192251794,261650290,10535529,2020-09-29 13:28:20
807,1757,0.021517515182495117,28,26969.927376258816,276173126,1173295301,2020-09-29 13:28:20
807,1757,0.01900649070739746,24,40268.12568045385,1521973658,3715054550,2020-09-29 13:28:20
807,1757,0.01854419708251953,11,16930.336786447853,267634357,2520289062,2020-09-29 13:28:20
807,1757,0.02063155174255371,67,36517.38651559104,108008066,344051619,2020-09-29 13:28:21
807,1757,0.018303632736206055,12,7998.491353331952,1519388490,102826693,2020-09-29 13:28:21
807,1757,0.019903182983398438,38,65132.10025219445,262198410,1173296017,2020-09-29 13:28:21
807,1757,0.019708633422851562,25,38688.277000330476,5274142267,3670322258,2020-09-29 13:28:21
807,1757,0.01838064193725586,23,31651.570676929536,273107214,339145102,2020-09-29 13:28:21
807,1757,0.016533374786376953,60,56882.07639934559,311525002,278238879,2020-09-29 13:28:21
807,1757,0.01893162727355957,27,52603.63847924156,3457575249,1521973658,2020-09-29 13:28:21
807,1757,0.018199682235717773,51,28125.15207614484,1570955606,446095868,2020-09-29 13:28:21
807,1757,0.016095876693725586,26,26998.96393348354,273104206,1173021592,2020-09-29 13:28:21
807,1757,0.015724897384643555,11,1239.6013924050135,253061381,130234928,2020-09-29 13:28:21
807,1757,0.014931917190551758,33,18165.25499930631,259035211,319471654,2020-09-29 13:28:21
807,1757,0.015540599822998047,49,30055.324110440557,261650297,635030289,2020-09-29 13:28:21
807,1757,0.016085386276245117,41,64556.98233568903,259818712,267103925,2020-09-29 13:28:21
807,1757,0.01581549644470215,43,15427.546678907782,265086983,273107214,2020-09-29 13:28:21
807,1757,0.01806640625,70,43895.48466361071,1754334610,1533146769,2020-09-29 13:28:21
807,1757,0.01568317413330078,38,65169.574384124826,1538781889,259818712,2020-09-29 13:28:21
807,1757,0.01633930206298828,57,49556.78004389428,251784780,311525006,2020-09-29 13:28:21
807,1757,0.018281936645507812,57,84734.31788955993,1850648554,3143493505,2020-09-29 13:28:21
807,1757,0.02145218849182129,22,33579.87317383459,1521938267,1633124797,2020-09-29 13:28:21
807,1757,0.01850128173828125,24,35455.85030738859,536455,253041416,2020-09-29 13:28:21
807,1757,0.016450881958007812,48,24010.548174891297,1582690452,1824103313,2020-09-29 13:28:21
807,1757,0.015566825866699219,52,25274.593155526927,108378222,393974188,2020-09-29 13:28:21
807,1757,0.015468835830688477,39,47479.258420370075,269182526,649072511,2020-09-29 13:28:21
807,1757,0.017047405242919922,2,113.8268983216467,2174753809,130321394,2020-09-29 13:28:21
807,1757,0.013819217681884766,42,51089.68634960429,2442543922,83803459,2020-09-29 13:28:21
807,1757,0.01398324966430664,45,29453.425332616847,259449267,108009059,2020-09-29 13:28:21
807,1757,0.014863967895507812,29,28456.582727138666,96940646,631756175,2020-09-29 13:28:21
807,1757,0.017383575439453125,68,47477.46193125948,1173004249,1561525648,2020-09-29 13:28:21
807,1757,0.01581883430480957,12,15187.97267365669,1519388601,1173004219,2020-09-29 13:28:21
807,1757,0.014270305633544922,31,35170.64712615507,500680,169542473,2020-09-29 13:28:21
807,1757,0.013828039169311523,42,67465.65591062349,622574,1195459138,2020-09-29 13:28:21
807,1757,0.015045404434204102,70,72902.31448968865,1850648554,267634288,2020-09-29 13:28:21
807,1757,0.014905452728271484,32,58942.58207832781,1531743787,2442714505,2020-09-29 13:28:21
807,1757,0.014998197555541992,34,50019.21078760026,267103889,298856959,2020-09-29 13:28:21
807,1757,0.01589798927307129,50,36092.28356029939,362458584,33743025,2020-09-29 13:28:21
807,1757,0.014517545700073242,18,7067.704669817236,254401463,108231936,2020-09-29 13:28:21
807,1757,0.01529383659362793,29,34623.043005503,268640236,247681373,2020-09-29 13:28:21
807,1757,0.017240285873413086,23,11966.427691842977,302268955,1624556839,2020-09-29 13:28:21
807,1757,0.01744222640991211,31,63196.289212613105,261068008,1519388470,2020-09-29 13:28:21
807,1757,0.01518559455871582,19,2259.4203134697273,253059803,1393976503,2020-09-29 13:28:21
807,1757,0.01379704475402832,36,31313.245711501575,1519388453,1581015668,2020-09-29 13:28:21
807,1757,0.015388727188110352,42,18692.534882490323,1133910565,253061381,2020-09-29 13:28:21
807,1757,0.0145111083984375,58,34232.8160781916,1961230760,1530751194,2020-09-29 13:28:21
807,1757,0.0150299072265625,34,22130.4710808822,281432002,339074610,2020-09-29 13:28:21
807,1757,0.016243696212768555,60,26153.140743364478,1195765283,273107230,2020-09-29 13:28:21
807,1757,0.014392614364624023,59,39368.18096723179,119366851,2491955622,2020-09-29 13:28:21
807,1757,0.012441396713256836,17,28376.922183437615,264515516,1538781725,2020-09-29 13:28:21
807,1757,0.013292074203491211,27,38143.729593197706,2579197414,269014374,2020-09-29 13:28:22
807,1757,0.015984535217285156,36,36981.20478965898,267634288,252791219,2020-09-29 13:28:22
807,1757,0.014987468719482422,43,37187.806851879,418230871,1581015647,2020-09-29 13:28:22
807,1757,0.01721644401550293,37,59840.45949894266,34592757,259035208,2020-09-29 13:28:22
807,1757,0.01601243019104004,23,32404.282695669306,279336263,108008269,2020-09-29 13:28:22
807,1757,0.015467166900634766,73,30762.713993437912,273118571,1521767590,2020-09-29 13:28:22
807,1757,0.013268470764160156,44,53912.13104316696,173971457,1482351270,2020-09-29 13:28:22
807,1757,0.015032291412353516,37,60019.37375148551,1519388420,269107522,2020-09-29 13:28:22
807,1757,0.015261650085449219,52,32381.237324327296,287266409,937150901,2020-09-29 13:28:22
807,1757,0.014515161514282227,23,25433.807792916323,84744580,1519388490,2020-09-29 13:28:22
807,1757,0.012688875198364258,25,10338.538606485103,253061381,252791233,2020-09-29 13:28:22
807,1757,0.015953540802001953,27,41247.9933610708,264515424,558922319,2020-09-29 13:28:22
807,1757,0.013448238372802734,53,35352.93537741597,2714604956,303218714,2020-09-29 13:28:22
807,1757,0.013447284698486328,26,30961.80513164098,96940646,408471949,2020-09-29 13:28:22
807,1757,0.014287471771240234,20,12944.706541661948,264515424,130234928,2020-09-29 13:28:22
807,1757,0.013125181198120117,34,24569.563390118576,264124407,108009287,2020-09-29 13:28:22
807,1757,0.012994527816772461,53,27503.06843462523,2278763554,4425648417,2020-09-29 13:28:22
807,1757,0.013612508773803711,12,16912.405602949246,386314780,378761928,2020-09-29 13:28:22
807,1757,0.011966466903686523,37,31224.92717251239,1519388453,318306442,2020-09-29 13:28:22
807,1757,0.013109207153320312,30,59725.125960695645,1521767668,1237365778,2020-09-29 13:28:22
807,1757,0.014801979064941406,15,8119.708586819635,262498766,276214569,2020-09-29 13:28:22
807,1757,0.016402482986450195,25,17825.266787870554,1519388287,130234925,2020-09-29 13:28:22
807,1757,0.014119625091552734,42,36627.846257905396,265086983,1173295599,2020-09-29 13:28:22
807,1757,0.014963388442993164,79,55449.40335996723,1173179812,937150901,2020-09-29 13:28:22
807,1757,0.012133359909057617,20,18011.277946124777,268091366,130234928,2020-09-29 13:28:22
807,1757,0.015851736068725586,39,53632.44512761283,259818712,108170849,2020-09-29 13:28:22
807,1757,0.013779640197753906,17,8520.312648611942,4431485228,278238492,2020-09-29 13:28:22
807,1757,0.012476921081542969,38,16271.721124295578,2028001943,2592484369,2020-09-29 13:28:22
807,1757,0.015150070190429688,39,30788.1970153284,115946148,1173295599,2020-09-29 13:28:22
807,1757,0.015401363372802734,38,27138.750386932756,259449267,318306451,2020-09-29 13:28:22
807,1757,0.011693000793457031,13,1240.0000183797933,132591461,1195765283,2020-09-29 13:28:22
807,1757,0.012810707092285156,9,2722.683239882541,320142300,963521425,2020-09-29 13:28:22
807,1757,0.013266563415527344,53,77693.12523980277,34592440,1534644122,2020-09-29 13:28:22
807,1757,0.013370990753173828,57,45484.180505960096,144507663,1759920429,2020-09-29 13:28:22
807,1757,0.011664628982543945,32,22177.17585069573,259456316,2039811991,2020-09-29 13:28:22
807,1757,0.012951850891113281,42,49443.904883803836,290412981,252791235,2020-09-29 13:28:22
807,1757,0.016340255737304688,60,84202.25176151961,2442543919,357629607,2020-09-29 13:28:22
807,1757,0.012827396392822266,30,37305.002614369034,1173295944,270194292,2020-09-29 13:28:22
807,1757,0.013890504837036133,16,3953.325719652812,144505905,266753508,2020-09-29 13:28:22
807,1757,0.014185667037963867,36,43562.99610224724,259449752,262198967,2020-09-29 13:28:22
807,1757,0.014277219772338867,25,31965.2259144237,1173004249,316846411,2020-09-29 13:28:22
807,1757,0.014789819717407227,25,34937.57850342606,1561525648,50061290,2020-09-29 13:28:22
807,1757,0.015015125274658203,56,31974.988244484153,108009059,259048531,2020-09-29 13:28:22
807,1757,0.01341700553894043,42,68626.93746186068,386314780,837846984,2020-09-29 13:28:22
807,1757,0.01154780387878418,4,1491.7783777057848,259048810,259449272,2020-09-29 13:28:22
807,1757,0.013720273971557617,20,5993.6352446997835,1297145963,259449762,2020-09-29 13:28:22
807,1757,0.015040159225463867,27,45381.482703969006,1133910565,261068008,2020-09-29 13:28:22
807,1757,0.014396190643310547,73,63876.02847589417,1589242341,261583350,2020-09-29 13:28:22
807,1757,0.0158388614654541,19,19963.79104904317,262802966,265563200,2020-09-29 13:28:22
807,1757,0.013424158096313477,72,78417.93123160546,1521685628,25695034,2020-09-29 13:28:23
807,1757,0.012884140014648438,17,30362.591947278415,1537298700,261650297,2020-09-29 13:28:23
807,1757,0.013453006744384766,28,23873.899964180833,265563200,169542348,2020-09-29 13:28:23
807,1757,0.015442132949829102,42,44785.79423843558,1633124797,2054428664,2020-09-29 13:28:23
807,1757,0.01228952407836914,18,14033.31597699216,2592478408,1173296017,2020-09-29 13:28:23
807,1757,0.01342463493347168,31,29986.706674908837,4431485235,1173295599,2020-09-29 13:28:23
807,1757,0.011295795440673828,15,4813.007113796415,144507489,3002964139,2020-09-29 13:28:23
807,1757,0.014156103134155273,61,63049.46145465411,173969709,2442543923,2020-09-29 13:28:23
807,1757,0.018117427825927734,55,98260.58393969112,1482351272,88880866,2020-09-29 13:28:23
807,1757,0.011879920959472656,18,51573.70602429181,4429104540,1044593693,2020-09-29 13:28:23
807,1757,0.012347698211669922,15,27710.987796045145,1530751146,558922319,2020-09-29 13:28:23
807,1757,0.015732765197753906,24,17625.433330835946,1519388427,1392805862,2020-09-29 13:28:23
807,1757,0.012885808944702148,51,47919.60111190806,1520370410,1534597355,2020-09-29 13:28:23
807,1757,0.012541532516479492,63,38140.55662937334,1173021552,108231936,2020-09-29 13:28:23
807,1757,0.01449131965637207,27,41790.68188131043,319061347,34592441,2020-09-29 13:28:23
807,1757,0.012842893600463867,53,22280.9705308537,253059803,269774437,2020-09-29 13:28:23
807,1757,0.012728214263916016,8,1206.940845799301,276214569,144507133,2020-09-29 13:28:23
807,1757,0.012947797775268555,26,19660.91391235266,144507133,1821674458,2020-09-29 13:28:23
807,1757,0.01598811149597168,41,39172.19713414333,2054428664,78813866,2020-09-29 13:28:23
807,1757,0.013829231262207031,55,33998.57156888742,104588844,273119669,2020-09-29 13:28:23
807,1757,0.0107421875,24,32921.67785329945,267103908,1173179812,2020-09-29 13:28:23
807,1757,0.010508060455322266,40,25174.990759858152,1519388470,635030289,2020-09-29 13:28:23
807,1757,0.010803937911987305,70,36816.18476574682,273103659,108231616,2020-09-29 13:28:23
807,1757,0.010875463485717773,23,29837.781119679043,1533146123,4131008553,2020-09-29 13:28:23
807,1757,0.010686397552490234,35,51000.99864529098,2592478405,2442543928,2020-09-29 13:28:23
807,1757,0.010469436645507812,31,28057.452126738444,4431485235,83803459,2020-09-29 13:28:23
807,1757,0.011069774627685547,30,40930.99591283451,289099397,261068457,2020-09-29 13:28:23
807,1757,0.010234594345092773,41,25322.365522156466,259048729,369432207,2020-09-29 13:28:23
807,1757,0.009734869003295898,21,20336.147584832524,268093841,132201100,2020-09-29 13:28:23
807,1757,0.010166406631469727,68,51277.56003102538,1850648561,115946489,2020-09-29 13:28:23
807,1757,0.010335445404052734,33,30506.70490330764,169542473,31108327,2020-09-29 13:28:23
807,1757,0.00977778434753418,10,1448.1259047951849,262802966,144507489,2020-09-29 13:28:23
807,1757,0.010937929153442383,57,81813.46418389678,88881750,1850648546,2020-09-29 13:28:23
807,1757,0.009682178497314453,11,8730.979202779312,260284573,259048812,2020-09-29 13:28:23
807,1757,0.01060938835144043,40,47565.37325173075,4429104523,318918793,2020-09-29 13:28:23
807,1757,0.010680913925170898,28,34738.26847589786,429503735,1540606444,2020-09-29 13:28:23
807,1757,0.010092020034790039,34,20321.51203602158,132199062,2714604903,2020-09-29 13:28:23
807,1757,0.010871648788452148,29,19769.685775623686,252791249,132201156,2020-09-29 13:28:23
807,1757,0.011778593063354492,61,54464.57885182773,1540606444,269774451,2020-09-29 13:28:23
807,1757,0.011212825775146484,66,58705.81138932414,1259527919,283826150,2020-09-29 13:28:23
807,1757,0.011159181594848633,32,30586.56338269016,2140471629,318306434,2020-09-29 13:28:23
807,1757,0.011183500289916992,44,39704.26384869229,281432002,1624556839,2020-09-29 13:28:23
807,1757,0.010088205337524414,35,16767.9498536443,269107522,291305228,2020-09-29 13:28:23
807,1757,0.010520696640014648,52,61731.38603755315,656430858,104583834,2020-09-29 13:28:23
807,1757,0.013470172882080078,26,19883.411986656356,1531743787,253059807,2020-09-29 13:28:23
807,1757,0.015002965927124023,37,21293.78689070404,268093879,262669375,2020-09-29 13:28:23
807,1757,0.012229681015014648,73,55059.39691610658,269774437,303337408,2020-09-29 13:28:23
807,1757,0.013787508010864258,57,54839.61887830352,270504002,266883269,2020-09-29 13:28:23
807,1757,0.013332843780517578,41,48823.10015766326,261068023,269774451,2020-09-29 13:28:23
807,1757,0.014003753662109375,35,32476.017137530078,264515516,1850648552,2020-09-29 13:28:23
807,1757,0.010742664337158203,20,24151.413250942504,108004725,50061290,2020-09-29 13:28:23
807,1757,0.013573408126831055,40,33105.802046297984,252104753,267103908,2020-09-29 13:28:23
807,1757,0.01227879524230957,21,35048.799122018325,1521973564,50061252,2020-09-29 13:28:23
807,1757,0.012541532516479492,27,39359.07390510463,558922134,144507090,2020-09-29 13:28:23
807,1757,0.012834787368774414,29,23862.60814036454,312690381,1500407241,2020-09-29 13:28:23
807,1757,0.011212348937988281,67,40738.09191193266,108377933,1519388628,2020-09-29 13:28:23
807,1757,0.012324094772338867,25,40731.84892285916,259449765,261068008,2020-09-29 13:28:23
807,1757,0.013468265533447266,33,42724.357937325665,253982305,1533146123,2020-09-29 13:28:23
807,1757,0.012939453125,34,51874.654990757896,273115533,1531743787,2020-09-29 13:28:24
807,1757,0.011449813842773438,24,33753.44995903661,2520289066,5317280469,2020-09-29 13:28:24
807,1757,0.013824701309204102,33,38411.465762835585,1570955602,2085193826,2020-09-29 13:28:24
807,1757,0.010765552520751953,25,43642.730045689896,267104019,96950903,2020-09-29 13:28:24
807,1757,0.012636423110961914,73,32801.56936330952,268623845,278238492,2020-09-29 13:28:24
807,1757,0.010626554489135742,38,45496.897087920515,1521973564,1297145963,2020-09-29 13:28:24
807,1757,0.012310028076171875,39,23804.300481652826,130234928,173971415,2020-09-29 13:28:24
807,1757,0.012247800827026367,52,25408.64844062031,144507090,273104206,2020-09-29 13:28:24
807,1757,0.01227116584777832,41,64586.952357209346,386314782,50061290,2020-09-29 13:28:24
807,1757,0.010104894638061523,10,13329.667528589489,4431485237,132199062,2020-09-29 13:28:24
807,1757,0.011443614959716797,17,24999.167908936273,1537298708,619918871,2020-09-29 13:28:24
807,1757,0.011359214782714844,15,5513.894984750499,319471654,281684666,2020-09-29 13:28:24
807,1757,0.01047825813293457,17,31729.422555626577,1521973658,1173021552,2020-09-29 13:28:24
807,1757,0.012835502624511719,48,41472.32917250694,3453573279,1529390606,2020-09-29 13:28:24
807,1757,0.011143922805786133,18,28440.758891384387,1116767495,102826693,2020-09-29 13:28:24
807,1757,0.01301121711730957,44,40281.392048174355,1519388601,83803456,2020-09-29 13:28:24
807,1757,0.0139617919921875,65,61099.97185737063,1582690471,378761928,2020-09-29 13:28:24
807,1757,0.016653060913085938,48,49561.60277502257,1581015647,1850648546,2020-09-29 13:28:24
807,1757,0.011722803115844727,35,22374.549388967636,262802962,259456316,2020-09-29 13:28:24
807,1757,0.010895013809204102,13,17342.22333524451,1530751194,1173295599,2020-09-29 13:28:24
807,1757,0.011190176010131836,16,1523.7134285453544,253061496,1392805862,2020-09-29 13:28:24
807,1757,0.010316848754882812,7,10396.058463030302,261650290,87152484,2020-09-29 13:28:24
807,1757,0.010632753372192383,15,24594.75130531913,1555494272,2442543922,2020-09-29 13:28:24
807,1757,0.010846376419067383,3,3675.207804462174,1555494272,261068604,2020-09-29 13:28:24
807,1757,0.011023759841918945,23,11823.895060039758,1195457419,169584791,2020-09-29 13:28:24
807,1757,0.011603116989135742,32,39404.04489036421,132592390,2397868536,2020-09-29 13:28:24
807,1757,0.010660171508789062,21,9358.26200693997,1555553275,132592390,2020-09-29 13:28:24
807,1757,0.010959863662719727,24,30545.55225977163,268641371,316846411,2020-09-29 13:28:24
807,1757,0.01068735122680664,27,16599.851279147235,104581659,1624556843,2020-09-29 13:28:24
807,1757,0.01096343994140625,29,27185.055728779775,1044595258,132201156,2020-09-29 13:28:24
807,1757,0.010671615600585938,50,52920.20506864488,3457575219,1297145963,2020-09-29 13:28:24
807,1757,0.011616945266723633,32,18302.578849279114,281431344,1561505192,2020-09-29 13:28:24
807,1757,0.011033296585083008,41,21039.211476426397,1521938267,318306451,2020-09-29 13:28:24
807,1757,0.012883186340332031,58,63124.740539205384,1195765364,261068008,2020-09-29 13:28:24
807,1757,0.013541936874389648,54,27453.536035155907,281591059,1410861896,2020-09-29 13:28:24
807,1757,0.010185718536376953,45,25197.433323816487,1488430779,389793024,2020-09-29 13:28:24
807,1757,0.011188030242919922,38,54461.38012404321,287266409,2461280863,2020-09-29 13:28:24
807,1757,0.01354074478149414,47,70648.93891093097,2093319932,259035211,2020-09-29 13:28:24
807,1757,0.010162591934204102,23,14101.409996390696,344051626,1581015668,2020-09-29 13:28:24
807,1757,0.01306915283203125,33,35451.471723454626,169542348,10535529,2020-09-29 13:28:24
807,1757,0.012552261352539062,14,1406.4352032975726,119720447,130234925,2020-09-29 13:28:24
807,1757,0.01764678955078125,58,65037.634330922854,2579197414,173970289,2020-09-29 13:28:24
807,1757,0.011026382446289062,40,39757.169748801854,259198384,1533282798,2020-09-29 13:28:24
807,1757,0.011803865432739258,72,57264.70272310513,339074610,2500074239,2020-09-29 13:28:24
807,1757,0.012692689895629883,72,64042.19724577999,536424,473475564,2020-09-29 13:28:24
807,1757,0.012317895889282227,10,3044.439848149687,2174753809,1083511733,2020-09-29 13:28:24
807,1757,0.0123748779296875,38,30342.996333583906,1500407241,108009059,2020-09-29 13:28:24
807,1757,0.01213526725769043,63,68585.89313516983,260964482,1552007139,2020-09-29 13:28:24
807,1757,0.012382745742797852,26,18292.956078851214,1519388272,443966625,2020-09-29 13:28:24
807,1757,0.012971878051757812,39,66655.2485475715,1519431413,4452535252,2020-09-29 13:28:24
807,1757,0.012743234634399414,40,71870.21670386546,132530191,260964476,2020-09-29 13:28:24
807,1757,0.012253284454345703,9,6230.598697954545,10535529,50061304,2020-09-29 13:28:24
807,1757,0.011965751647949219,23,26495.470581577378,1519388287,281432002,2020-09-29 13:28:24
807,1757,0.012720108032226562,62,37416.06541239357,104581659,1173004361,2020-09-29 13:28:24
807,1757,0.011693477630615234,14,13620.78713133907,2711561401,132591238,2020-09-29 13:28:24
807,1757,0.012135028839111328,31,30663.38818970509,294946493,258416536,2020-09-29 13:28:24
807,1757,0.01066279411315918,31,69310.36182157214,386314796,292133913,2020-09-29 13:28:24
807,1757,0.01155400276184082,71,40284.00069876398,340262284,292133913,2020-09-29 13:28:25
807,1757,0.01081991195678711,50,55126.56340132005,1561525406,2714604923,2020-09-29 13:28:25
807,1757,0.009112834930419922,16,3620.8692257255666,178885824,83803439,2020-09-29 13:28:25
807,1757,0.010610580444335938,52,28757.097949448176,473475557,1190097433,2020-09-29 13:28:25
807,1757,0.010437488555908203,31,22391.38529867041,281432002,1552007125,2020-09-29 13:28:25
807,1757,0.012180566787719727,69,84868.69084075591,358160799,4452535225,2020-09-29 13:28:25
807,1757,0.011440515518188477,58,68881.26698961166,78813866,270313156,2020-09-29 13:28:25
807,1757,0.011713981628417969,31,47601.01844377604,1537298700,1850648552,2020-09-29 13:28:25
807,1757,0.013141870498657227,24,29302.720220649444,273107214,2028001943,2020-09-29 13:28:25
807,1757,0.012078285217285156,11,6602.050649477387,253976195,132591384,2020-09-29 13:28:25
807,1757,0.012774229049682617,24,27630.705086810874,1519388287,5274142267,2020-09-29 13:28:25
807,1757,0.011197090148925781,61,64268.79698520555,1271062558,3123245575,2020-09-29 13:28:25
807,1757,0.010471820831298828,19,27649.163960676975,1173004249,349164491,2020-09-29 13:28:25
807,1757,0.010788917541503906,42,46969.61494423502,2442571237,1504118679,2020-09-29 13:28:25
807,1757,0.010978460311889648,38,38919.76006632881,281432094,2491955622,2020-09-29 13:28:25
807,1757,0.012064695358276367,51,55872.40531873054,270313156,267634861,2020-09-29 13:28:25
807,1757,0.015461921691894531,36,56220.90785966111,278238879,5274176364,2020-09-29 13:28:25
807,1757,0.010471582412719727,27,11778.57385228793,253061381,2714604901,2020-09-29 13:28:25
807,1757,0.010779619216918945,22,31554.175591528896,269107522,108008269,2020-09-29 13:28:25
807,1757,0.012610435485839844,66,77178.67376713517,173969709,34592756,2020-09-29 13:28:25
807,1757,0.011372566223144531,49,33322.97199373068,2563517934,1519388295,2020-09-29 13:28:25
807,1757,0.011010408401489258,19,32060.57225254424,108008066,536424,2020-09-29 13:28:25
807,1757,0.010222196578979492,12,6212.273133718803,318306442,1961230678,2020-09-29 13:28:25
807,1757,0.011106491088867188,25,42594.071268252934,122415276,4452535225,2020-09-29 13:28:25
807,1757,0.012805461883544922,43,57515.00742479673,2085193826,619736,2020-09-29 13:28:25
807,1757,0.009940624237060547,13,7444.636370877008,156861113,262498801,2020-09-29 13:28:25
807,1757,0.012088298797607422,65,29851.341035445643,266753508,340305774,2020-09-29 13:28:25
807,1757,0.010655403137207031,31,38700.41109722838,1534597370,1116767501,2020-09-29 13:28:25
807,1757,0.010995149612426758,33,18397.343437460127,318918793,260284323,2020-09-29 13:28:25
807,1757,0.011423826217651367,35,61278.48561767728,1533146566,2442714421,2020-09-29 13:28:25
807,1757,0.012642383575439453,80,43106.881650356685,5073032589,4131008553,2020-09-29 13:28:25
807,1757,0.010453939437866211,48,32129.908011619773,2442571237,1478947470,2020-09-29 13:28:25
807,1757,0.01089620590209961,37,53543.769862349225,1259527919,33743025,2020-09-29 13:28:25
807,1757,0.010333061218261719,20,11964.54634312504,2054428664,252319913,2020-09-29 13:28:25
807,1757,0.010770082473754883,37,37046.96644193803,269107360,108231936,2020-09-29 13:28:25
807,1757,0.009629011154174805,40,21151.552116573886,2140577685,1519388295,2020-09-29 13:28:25
807,1757,0.009876489639282227,15,3560.993937310438,318918827,104588844,2020-09-29 13:28:25
807,1757,0.010771751403808594,53,40676.67102499996,418792045,446095919,2020-09-29 13:28:25
807,1757,0.010619163513183594,48,40310.915079777675,456862144,104587573,2020-09-29 13:28:25
807,1757,0.010671854019165039,21,33446.95745356766,104579407,1540606434,2020-09-29 13:28:25
807,1757,0.011644601821899414,34,84091.33478851714,378761928,247681373,2020-09-29 13:28:25
807,1757,0.00943136215209961,14,4790.961607710997,3002964139,142655749,2020-09-29 13:28:25
807,1757,0.009999275207519531,26,8223.120977010434,252627643,252591965,2020-09-29 13:28:25
807,1757,0.009999752044677734,35,45355.28664445229,1538781725,1824103313,2020-09-29 13:28:25
807,1757,0.01070547103881836,48,38857.994791990015,1531743887,173969709,2020-09-29 13:28:25
807,1757,0.010389566421508789,52,29342.000401105808,1400229026,169542348,2020-09-29 13:28:25
807,1757,0.011128664016723633,67,65658.78068940903,258775533,378761886,2020-09-29 13:28:25
807,1757,0.010602712631225586,54,34221.47892371042,169584818,1500407277,2020-09-29 13:28:25
807,1757,0.01010584831237793,53,26659.447347061378,1400229026,429503735,2020-09-29 13:28:25
807,1757,0.010066986083984375,44,30739.21639906274,619814,1580961028,2020-09-29 13:28:25
807,1757,0.010371685028076172,31,19032.407045843946,276173126,1519388427,2020-09-29 13:28:25
807,1757,0.00987863540649414,32,46579.8503801421,281432002,267634986,2020-09-29 13:28:25
807,1757,0.01381373405456543,53,69072.72098209661,2461280863,318918793,2020-09-29 13:28:25
807,1757,0.010248422622680664,41,16458.078373440538,2140471629,1520370366,2020-09-29 13:28:25
807,1757,0.010298013687133789,30,41519.03271495032,1961230859,261068008,2020-09-29 13:28:25
807,1757,0.010929107666015625,23,32635.993031385166,1195459138,247681373,2020-09-29 13:28:25
807,1757,0.00945591926574707,6,393.3521463094851,1504131796,2285460549,2020-09-29 13:28:25
807,1757,0.009780406951904297,13,18565.229016084988,536454,1533146566,2020-09-29 13:28:25
807,1757,0.011354923248291016,60,40023.67386223495,369332725,253061381,2020-09-29 13:28:25
807,1757,0.010420560836791992,23,9506.203751269682,361503249,1961230760,2020-09-29 13:28:25
807,1757,0.009629011154174805,30,18517.455816878,937150901,132530069,2020-09-29 13:28:25
807,1757,0.008814096450805664,31,45964.924673558475,1237365778,268640240,2020-09-29 13:28:25
807,1757,0.010022878646850586,22,19775.996971299257,130234925,265563200,2020-09-29 13:28:25
807,1757,0.012614965438842773,56,48689.85032506613,1552007133,357629611,2020-09-29 13:28:25
807,1757,0.0698540210723877,8,27229.613409315087,108008608,10535529,2020-09-29 13:28:26
807,1757,0.010536432266235352,29,30866.852038205612,259048810,122415276,2020-09-29 13:28:26
807,1757,0.01065683364868164,33,45780.33417594365,2442543919,1519388501,2020-09-29 13:28:26
807,1757,0.009645462036132812,24,24502.92142017773,262498778,1824103313,2020-09-29 13:28:26
807,1757,0.00979757308959961,14,15402.650681930774,735145189,1519388628,2020-09-29 13:28:26
807,1757,0.010361433029174805,19,18459.990511833603,1195459138,349164491,2020-09-29 13:28:26
807,1757,0.008612632751464844,7,2961.00569697647,635030289,443966625,2020-09-29 13:28:26
807,1757,0.009633064270019531,16,3254.9131873369292,1387543556,318918793,2020-09-29 13:28:26
807,1757,0.010773181915283203,15,7077.971721529859,1580680255,262802970,2020-09-29 13:28:26
807,1757,0.00971531867980957,21,27823.747547461415,50061304,5654630372,2020-09-29 13:28:26
807,1757,0.009569406509399414,30,48134.72742569088,260964486,281432002,2020-09-29 13:28:26
807,1757,0.010925054550170898,56,57658.587870934454,290412981,268093841,2020-09-29 13:28:26
807,1757,0.009807586669921875,16,3330.3981784825733,1372334003,142655749,2020-09-29 13:28:26
807,1757,0.009447813034057617,19,3075.061479899839,144507489,2505279966,2020-09-29 13:28:26
807,1757,0.009444475173950195,34,37650.26198511091,1533146123,50061290,2020-09-29 13:28:26
807,1757,0.010120868682861328,39,34774.8285525154,261650290,1533982821,2020-09-29 13:28:26
807,1757,0.012074708938598633,51,96908.22044844987,25695035,320020256,2020-09-29 13:28:26
807,1757,0.01020050048828125,46,25939.269409216224,2432786746,2714604903,2020-09-29 13:28:26
807,1757,0.010399103164672852,35,59107.696524632265,558922319,288545335,2020-09-29 13:28:26
807,1757,0.012781858444213867,60,28640.670270276485,108170729,5605660119,2020-09-29 13:28:26
807,1757,0.01048421859741211,13,2739.417392036078,619918867,318918824,2020-09-29 13:28:26
807,1757,0.011081457138061523,37,28527.458357382453,456862144,2028001943,2020-09-29 13:28:26
807,1757,0.010057449340820312,38,20648.877007213323,389793024,1478947470,2020-09-29 13:28:26
807,1757,0.00889444351196289,38,37219.444884464145,2397868536,108008608,2020-09-29 13:28:26
807,1757,0.011368036270141602,71,82963.30482182944,169585124,3123245633,2020-09-29 13:28:26
807,1757,0.009654521942138672,23,25569.216687458087,1537298700,132591336,2020-09-29 13:28:26
807,1757,0.010108709335327148,27,26372.20458705882,281432094,169542473,2020-09-29 13:28:26
807,1757,0.009886980056762695,45,35358.27210708706,1519388347,318306455,2020-09-29 13:28:26
807,1757,0.01009368896484375,16,6067.96167198989,2278763554,2140511556,2020-09-29 13:28:26
807,1757,0.010026931762695312,36,25593.270226359044,1519388500,1521973564,2020-09-29 13:28:26
807,1757,0.009308576583862305,10,15841.862407365259,290412981,2520289068,2020-09-29 13:28:26
807,1757,0.00996088981628418,18,4781.826167911428,2140511556,1270334277,2020-09-29 13:28:26
807,1757,0.00935506820678711,7,902.2503366336313,96950903,4431485228,2020-09-29 13:28:26
807,1757,0.010257482528686523,49,35312.99007055025,313176433,1521973564,2020-09-29 13:28:26
807,1757,0.010030269622802734,8,3593.8350257079474,1270334277,1521973564,2020-09-29 13:28:26
807,1757,0.009316444396972656,22,22471.67567430327,1259527919,1529390606,2020-09-29 13:28:26
807,1757,0.011146068572998047,42,69534.27870729745,1218948554,78813866,2020-09-29 13:28:26
807,1757,0.00954580307006836,32,34435.60236147331,619736,33743060,2020-09-29 13:28:26
807,1757,0.010864734649658203,49,51686.56710644573,1500407261,1482351270,2020-09-29 13:28:26
807,1757,0.009877681732177734,26,33720.71924330683,2491955622,4425648450,2020-09-29 13:28:26
807,1757,0.010550737380981445,19,26835.55338204807,2285460549,267634288,2020-09-29 13:28:26
807,1757,0.010569572448730469,48,23219.685144792915,1187781294,259035211,2020-09-29 13:28:26
807,1757,0.011025428771972656,21,24286.371982353365,252319913,1961231084,2020-09-29 13:28:26
807,1757,0.00928354263305664,32,65280.30294410585,25695057,132201646,2020-09-29 13:28:26
807,1757,0.009792327880859375,17,40351.966055432495,96940646,88881750,2020-09-29 13:28:26
807,1757,0.011779308319091797,40,67213.65478271907,253059807,88880866,2020-09-29 13:28:26
807,1757,0.01138925552368164,6,4194.646451234377,319061342,266883269,2020-09-29 13:28:26
807,1757,0.00894927978515625,26,21681.130065770834,156861113,292133913,2020-09-29 13:28:26
807,1757,0.010101556777954102,68,52655.322923186235,265563200,339074610,2020-09-29 13:28:26
807,1757,0.009244203567504883,39,24774.20730315643,318306455,1580680255,2020-09-29 13:28:26
807,1757,0.012525558471679688,9,9939.40958768247,1533146769,619837,2020-09-29 13:28:26
807,1757,0.009580135345458984,36,20153.4685531658,83803957,4038426568,2020-09-29 13:28:26
807,1757,0.009961128234863281,26,58431.62171350163,378761928,262498766,2020-09-29 13:28:26
807,1757,0.01012563705444336,55,27159.615254050208,281684666,108381375,2020-09-29 13:28:26
807,1757,0.009960174560546875,17,2261.15238287802,132591238,1393976503,2020-09-29 13:28:26
807,1757,0.01079869270324707,26,34562.1080630541,108008608,132198957,2020-09-29 13:28:26
807,1757,0.009751319885253906,40,35335.66101018838,299414671,108170849,2020-09-29 13:28:26
807,1757,0.00989985466003418,39,51378.744286663874,264089101,3457640727,2020-09-29 13:28:26
807,1757,0.009868144989013672,28,23047.426760338272,1273673372,1538781889,2020-09-29 13:28:26
807,1757,0.009964704513549805,21,26332.53108365231,84744580,264089101,2020-09-29 13:28:26
807,1757,0.009439229965209961,37,40524.6042737793,1273673372,1519388601,2020-09-29 13:28:26
807,1757,0.011078834533691406,81,42014.46291175416,340305774,104583814,2020-09-29 13:28:27
807,1757,0.010737419128417969,70,56318.166487561786,320142300,50061252,2020-09-29 13:28:27
807,1757,0.009326934814453125,30,11766.315551998498,252791235,253041442,2020-09-29 13:28:27
807,1757,0.010315895080566406,38,19602.926835937833,1552007139,1519388500,2020-09-29 13:28:27
807,1757,0.009827613830566406,14,4590.194658714086,3002964139,253061496,2020-09-29 13:28:27
807,1757,0.00977182388305664,19,8160.402547158852,1961230502,84744580,2020-09-29 13:28:27
807,1757,0.009586334228515625,36,41668.845865566356,311525002,619837,2020-09-29 13:28:27
807,1757,0.00966954231262207,44,23496.29518013439,259456316,119720667,2020-09-29 13:28:27
807,1757,0.010271310806274414,36,50561.069408756535,2442543922,619918886,2020-09-29 13:28:27
807,1757,0.009612798690795898,35,36020.524908173975,50061252,418792045,2020-09-29 13:28:27
807,1757,0.010709047317504883,43,23558.08220253969,1552007139,1519388478,2020-09-29 13:28:27
807,1757,0.010094404220581055,13,5459.4223123468255,4431485228,1044595258,2020-09-29 13:28:27
807,1757,0.010965347290039062,19,20031.494533489582,252319913,1478947470,2020-09-29 13:28:27
807,1757,0.010485172271728516,37,43371.36119595523,3123245633,2563517934,2020-09-29 13:28:27
807,1757,0.010207414627075195,27,22054.32747891624,259449757,259048812,2020-09-29 13:28:27
807,1757,0.009659767150878906,12,9077.774048857944,635030289,251784780,2020-09-29 13:28:27
807,1757,0.012989282608032227,60,29274.178202901123,302268955,259048812,2020-09-29 13:28:27
807,1757,0.010684490203857422,45,22936.900515995272,302256955,144507231,2020-09-29 13:28:27
807,1757,0.011160850524902344,33,47198.135773676295,1173021592,1237365778,2020-09-29 13:28:27
807,1757,0.012247562408447266,68,40362.590883832054,259449369,83804004,2020-09-29 13:28:27
807,1757,0.012004613876342773,18,34601.988835245356,536454,132592390,2020-09-29 13:28:27
807,1757,0.0107574462890625,63,35843.04289208552,104587573,270312073,2020-09-29 13:28:27
807,1757,0.010599374771118164,19,8696.46432897917,1961230859,316846411,2020-09-29 13:28:27
807,1757,0.011092901229858398,25,14317.715218838312,144505905,169584818,2020-09-29 13:28:27
807,1757,0.011096954345703125,28,26149.952012349524,1531743787,104581650,2020-09-29 13:28:27
807,1757,0.011901378631591797,40,52302.96216007193,2442714491,108381375,2020-09-29 13:28:27
807,1757,0.009089231491088867,15,23696.99357521503,267634861,104589241,2020-09-29 13:28:27
807,1757,0.014480352401733398,33,71015.5163741589,1521705620,88881748,2020-09-29 13:28:27
807,1757,0.009536027908325195,24,29075.81856640622,446095919,1580680255,2020-09-29 13:28:27
807,1757,0.010041236877441406,31,21781.374833056838,1039397010,1533146566,2020-09-29 13:28:27
807,1757,0.010999917984008789,57,45055.36891716807,144507663,2442543919,2020-09-29 13:28:27
807,1757,0.009266376495361328,23,23276.19910349544,536454,1533282798,2020-09-29 13:28:27
807,1757,0.009856462478637695,54,61464.59286980848,1273673372,258416649,2020-09-29 13:28:27
807,1757,0.009127616882324219,21,8218.374080455964,1961230800,1478947455,2020-09-29 13:28:27
807,1757,0.009341001510620117,34,60014.89747212228,4450173820,259449272,2020-09-29 13:28:27
807,1757,0.010032176971435547,42,29531.695104852333,1519388479,104583834,2020-09-29 13:28:27
807,1757,0.009220123291015625,36,15218.931411385425,290363274,264124407,2020-09-29 13:28:27
807,1757,0.011472702026367188,31,31915.465694053913,1519431680,352477909,2020-09-29 13:28:27
807,1757,0.009849786758422852,29,38960.50715626847,1533146769,390904912,2020-09-29 13:28:27
807,1757,0.008658885955810547,2,975.2376435717196,1269584653,1504118629,2020-09-29 13:28:27
807,1757,0.01046609878540039,75,38429.577463292866,1044595260,104587509,2020-09-29 13:28:27
807,1757,0.009100675582885742,42,22882.199400401863,389793024,1961230859,2020-09-29 13:28:27
807,1757,0.008862495422363281,21,24982.98914318025,1173295301,389793024,2020-09-29 13:28:27
807,1757,0.009099483489990234,36,17735.79041860309,4425648447,252791235,2020-09-29 13:28:27
807,1757,0.009589195251464844,29,30238.658392268262,268091455,259048513,2020-09-29 13:28:27
807,1757,0.009638309478759766,43,30143.105767306788,259048513,1581015647,2020-09-29 13:28:27
807,1757,0.010360956192016602,46,46574.96496841498,2520289062,108378028,2020-09-29 13:28:27
807,1757,0.009516239166259766,35,20080.465932363106,418230871,408471949,2020-09-29 13:28:27
807,1757,0.009486675262451172,38,56312.372948228025,321884075,2442714466,2020-09-29 13:28:27
807,1757,0.00922393798828125,12,25661.13289431577,1521705620,1715135032,2020-09-29 13:28:27
807,1757,0.011571645736694336,56,24355.719562021564,5605660119,144507090,2020-09-29 13:28:27
807,1757,0.008762598037719727,36,44513.809364272136,1759920429,288545335,2020-09-29 13:28:27
807,1757,0.009529829025268555,50,45193.69257340754,1759920435,1194993384,2020-09-29 13:28:27
807,1757,0.011183738708496094,60,54144.19176302993,1715135032,267634288,2020-09-29 13:28:27
807,1757,0.00987696647644043,41,23199.88231453694,104581631,1519388490,2020-09-29 13:28:27
807,1757,0.01047658920288086,37,11804.077498343166,104580839,262498766,2020-09-29 13:28:27
807,1757,0.009668111801147461,15,1350.1723208264177,2130434290,130234928,2020-09-29 13:28:27
807,1757,0.009999275207519531,41,12964.109045403775,108004725,262498765,2020-09-29 13:28:27
807,1757,0.009470939636230469,47,47233.47193522474,357629607,268640240,2020-09-29 13:28:27
807,1757,0.011251688003540039,74,73513.6506581491,108377921,78813866,2020-09-29 13:28:27
807,1757,0.01149606704711914,21,28820.716372084313,1173004361,265563200,2020-09-29 13:28:27
807,1757,0.008735418319702148,31,44880.94082489416,349164491,4131008546,2020-09-29 13:28:27
807,1757,0.01204991340637207,44,23277.376837703712,5605660119,262802966,2020-09-29 13:28:27
807,1757,0.008330821990966797,6,6443.591318489942,1759920429,33743060,2020-09-29 13:28:28
807,1757,0.00897359848022461,25,23017.300396536033,269173554,5605660114,2020-09-29 13:28:28
807,1757,0.01065683364868164,69,63385.92636336654,1850648546,269109608,2020-09-29 13:28:28
807,1757,0.009985208511352539,37,45674.69906427477,265563200,50061252,2020-09-29 13:28:28
807,1757,0.008945941925048828,18,25902.80338530617,122374137,2442714491,2020-09-29 13:28:28
807,1757,0.009255409240722656,15,15103.696040214038,1533146566,1519388500,2020-09-29 13:28:28
807,1757,0.008199691772460938,32,29018.30796212459,3071083557,357629611,2020-09-29 13:28:28
807,1757,0.00884699821472168,12,15702.218794196035,1173004249,1519388347,2020-09-29 13:28:28
807,1757,0.010129690170288086,64,44682.349734727126,1039397010,386314780,2020-09-29 13:28:28
807,1757,0.010894060134887695,33,51753.72457744284,1116767495,1531743787,2020-09-29 13:28:28
807,1757,0.009405374526977539,38,12761.924178084346,130245475,262498765,2020-09-29 13:28:28
807,1757,0.00859522819519043,24,20496.655742043953,276214569,348027860,2020-09-29 13:28:28
807,1757,0.010047435760498047,34,21355.067856592694,108007102,735145189,2020-09-29 13:28:28
807,1757,0.010560274124145508,66,54977.51989678623,132199062,1850648546,2020-09-29 13:28:28
807,1757,0.008455038070678711,41,43456.56275738911,108378222,31108327,2020-09-29 13:28:28
807,1757,0.009149312973022461,44,27908.7487858821,303218714,1555553275,2020-09-29 13:28:28
807,1757,0.008417606353759766,18,9845.034589216355,251784791,408471949,2020-09-29 13:28:28
807,1757,0.008977890014648438,21,10750.390052097873,273104206,268091366,2020-09-29 13:28:28
807,1757,0.009900331497192383,54,28072.6182956993,130245452,259449752,2020-09-29 13:28:28
807,1757,0.00936436653137207,45,23281.474465108367,361503249,252319913,2020-09-29 13:28:28
807,1757,0.009752988815307617,24,42997.889281394666,1715135032,261068583,2020-09-29 13:28:28
807,1757,0.008946657180786133,11,36082.33493327733,1561525406,34592756,2020-09-29 13:28:28
807,1757,0.009020566940307617,22,31971.91363256345,500680,5654630372,2020-09-29 13:28:28
807,1757,0.01017451286315918,49,31206.79540153403,2505279966,259198384,2020-09-29 13:28:28
807,1757,0.011596441268920898,44,25940.833960805838,393974188,169585124,2020-09-29 13:28:28
807,1757,0.010878324508666992,60,29457.425811132012,5605660114,115946148,2020-09-29 13:28:28
807,1757,0.010070562362670898,42,69222.39216124202,34595182,108231616,2020-09-29 13:28:28
807,1757,0.01273036003112793,59,46254.00946150602,132201100,2442543922,2020-09-29 13:28:28
807,1757,0.009024381637573242,28,21219.09054545231,1824103313,321663249,2020-09-29 13:28:28
807,1757,0.010511159896850586,77,54980.5491028766,270313156,817340288,2020-09-29 13:28:28
807,1757,0.008128643035888672,8,13843.036198305179,1173021552,1534644125,2020-09-29 13:28:28
807,1757,0.00966501235961914,42,26299.11206955473,1083511733,259449267,2020-09-29 13:28:28
807,1757,0.009948015213012695,54,76863.9851502262,1534597374,378761928,2020-09-29 13:28:28
807,1757,0.011171340942382812,60,66536.30894936933,132592390,88881748,2020-09-29 13:28:28
807,1757,0.009223699569702148,13,4043.3228537930772,4038426568,2146599025,2020-09-29 13:28:28
807,1757,0.010088205337524414,39,21899.122924646254,1520370410,1624556839,2020-09-29 13:28:28
807,1757,0.011000394821166992,31,23493.96773222621,2505279966,278238456,2020-09-29 13:28:28
807,1757,0.01083230972290039,47,26183.33526724954,3453573279,1116767495,2020-09-29 13:28:28
807,1757,0.009116411209106445,27,11914.425690385166,104583881,1270334277,2020-09-29 13:28:28
807,1757,0.009291648864746094,30,32580.365458380435,267103925,253976195,2020-09-29 13:28:28
807,1757,0.009592294692993164,32,17111.321526991505,150838969,1582690471,2020-09-29 13:28:28
807,1757,0.009276151657104492,25,16914.484005717626,389793024,1519388456,2020-09-29 13:28:28
807,1757,0.008837699890136719,4,189.42901381946453,1759920435,1850648554,2020-09-29 13:28:28
807,1757,0.009316444396972656,21,9905.185767784194,108006773,104583881,2020-09-29 13:28:28
807,1757,0.010004997253417969,59,35403.753240154474,108380443,1173004339,2020-09-29 13:28:28
807,1757,0.009173154830932617,33,27043.922595150765,274976134,108008066,2020-09-29 13:28:28
807,1757,0.009355783462524414,34,24136.02877208983,259048812,1392829309,2020-09-29 13:28:28
807,1757,0.009544610977172852,42,78142.02748580341,311525006,261068008,2020-09-29 13:28:28
807,1757,0.009693145751953125,35,68345.80212640764,122374137,108008269,2020-09-29 13:28:28
807,1757,0.009688138961791992,56,24478.752229924623,276173126,5605660119,2020-09-29 13:28:28
807,1757,0.009123563766479492,12,1303.016737481765,271054965,132591461,2020-09-29 13:28:28
807,1757,0.009667396545410156,39,65280.78896184295,261650290,3143493501,2020-09-29 13:28:28
807,1757,0.010518074035644531,28,35250.668064168894,33743060,1044593898,2020-09-29 13:28:28
807,1757,0.010350227355957031,29,17083.38458881842,108006773,358160799,2020-09-29 13:28:28
807,1757,0.009868383407592773,32,19697.203519571904,2140503513,2500074239,2020-09-29 13:28:28
807,1757,0.010091781616210938,25,41560.98894332612,270504002,1173021592,2020-09-29 13:28:28
807,1757,0.01059412956237793,50,50087.2420854041,1850648548,270313156,2020-09-29 13:28:28
807,1757,0.009368658065795898,38,29480.278378632032,132592390,258416649,2020-09-29 13:28:28
807,1757,0.01002359390258789,37,34536.35951034196,266883269,1530751146,2020-09-29 13:28:28
807,1757,0.011728525161743164,49,95262.06887158644,5274176364,264348471,2020-09-29 13:28:28
807,1757,0.011341333389282227,60,65680.16324804364,1555494272,1552007133,2020-09-29 13:28:28
807,1757,0.00895380973815918,26,5791.214274316276,108170729,132592390,2020-09-29 13:28:28
807,1757,0.010990381240844727,9,4026.6196414655883,1083511733,259035208,2020-09-29 13:28:28
807,1757,0.01036381721496582,27,46968.96317593582,247683822,50061304,2020-09-29 13:28:28
807,1757,0.009959220886230469,40,30388.979353657876,3453573270,339074610,2020-09-29 13:28:28
807,1757,0.010447978973388672,62,28995.39158572294,1195457419,1116767496,2020-09-29 13:28:28
807,1757,0.009182453155517578,22,22974.6764857326,446095921,362458584,2020-09-29 13:28:28
807,1757,0.010244369506835938,44,44614.864739109704,34592441,173969709,2020-09-29 13:28:29
807,1757,0.009975910186767578,29,33097.980694114565,269107522,108170893,2020-09-29 13:28:29
807,1757,0.009319543838500977,41,19117.053886551283,256914744,1244393793,2020-09-29 13:28:29
807,1757,0.010255575180053711,36,53405.2861750824,1808643058,3457575249,2020-09-29 13:28:29
807,1757,0.010264873504638672,57,32729.07937821168,1244393799,339460864,2020-09-29 13:28:29
807,1757,0.009468793869018555,38,64121.11668757107,3143493505,156861113,2020-09-29 13:28:29
807,1757,0.00916290283203125,31,40422.62268971882,1821674458,2520289062,2020-09-29 13:28:29
807,1757,0.01004791259765625,55,49690.324889245014,83803957,132199062,2020-09-29 13:28:29
807,1757,0.010433435440063477,50,54952.05001941827,108378222,2085193832,2020-09-29 13:28:29
807,1757,0.008437871932983398,25,28821.08163790751,269107522,2174753809,2020-09-29 13:28:29
807,1757,0.00987696647644043,52,31384.93713975902,3002964139,261650297,2020-09-29 13:28:29
807,1757,0.009029865264892578,32,22081.36919337298,1531769920,253061381,2020-09-29 13:28:29
807,1757,0.009532928466796875,49,19193.050630549587,418792045,144507090,2020-09-29 13:28:29
807,1757,0.009334564208984375,14,6203.943909376563,1582690452,2140471629,2020-09-29 13:28:29
807,1757,0.009891748428344727,43,32663.22820592782,1504118629,1173004339,2020-09-29 13:28:29
807,1757,0.010612964630126953,1,18.950035293299496,1482351270,1482351272,2020-09-29 13:28:29
807,1757,0.010950565338134766,63,66743.57386764904,1070471337,88881748,2020-09-29 13:28:29
807,1757,0.010358810424804688,53,36719.38981416739,1519388479,937150901,2020-09-29 13:28:29
807,1757,0.009800910949707031,54,27361.227195720676,4425648447,259035208,2020-09-29 13:28:29
807,1757,0.009490013122558594,25,27173.512798600146,312690381,1521705620,2020-09-29 13:28:29
807,1757,0.00963735580444336,18,4456.04646522769,443966625,252627643,2020-09-29 13:28:29
807,1757,0.009371280670166016,36,39538.97646803726,259048812,1537298708,2020-09-29 13:28:29
807,1757,0.009828805923461914,39,65098.32482503087,4452535252,262802962,2020-09-29 13:28:29
807,1757,0.011303424835205078,28,31527.70975365959,5654630372,266882956,2020-09-29 13:28:29
807,1757,0.010933876037597656,23,18091.465899555205,1582690452,1519388628,2020-09-29 13:28:29
807,1757,0.01084589958190918,64,61567.433072076055,3670322258,269774437,2020-09-29 13:28:29
807,1757,0.011064767837524414,6,2877.3714490564553,132200725,256914744,2020-09-29 13:28:29
807,1757,0.01009678840637207,34,61424.16961454405,1173069477,378784695,2020-09-29 13:28:29
807,1757,0.009318828582763672,47,25809.97665634323,1520370366,1961230502,2020-09-29 13:28:29
807,1757,0.009980916976928711,47,70859.80572773305,262198410,253976195,2020-09-29 13:28:29
807,1757,0.008702278137207031,21,12850.657112991503,291305228,318306434,2020-09-29 13:28:29
807,1757,0.009566545486450195,73,40548.0054901166,344051623,262498801,2020-09-29 13:28:29
807,1757,0.01015019416809082,75,31366.880817247125,619918867,1044595243,2020-09-29 13:28:29
807,1757,0.009673118591308594,69,49823.110529947684,1534597536,2980496380,2020-09-29 13:28:29
807,1757,0.010058879852294922,39,52318.571499086414,108006773,2442714505,2020-09-29 13:28:29
807,1757,0.00992584228515625,64,37519.66237198751,318306459,418792045,2020-09-29 13:28:29
807,1757,0.009514808654785156,35,54651.85385851682,446095868,536454,2020-09-29 13:28:29
807,1757,0.00880122184753418,30,20035.680227920904,132197375,1552007139,2020-09-29 13:28:29
807,1757,0.008688211441040039,17,2748.516035980685,132201156,119366851,2020-09-29 13:28:29
807,1757,0.009635448455810547,70,33313.28067585883,4425648450,104579407,2020-09-29 13:28:29
807,1757,0.008861303329467773,18,40994.69974120328,261068457,4431485222,2020-09-29 13:28:29
807,1757,0.009462833404541016,48,53081.18882977667,3457575232,318306451,2020-09-29 13:28:29
807,1757,0.008884429931640625,14,30282.268073580253,2520289062,281591059,2020-09-29 13:28:29
807,1757,0.00920248031616211,18,9283.83909833721,1392829328,268623845,2020-09-29 13:28:29
807,1757,0.01007699966430664,41,66157.80777832826,378761886,150836922,2020-09-29 13:28:29
807,1757,0.008822441101074219,32,33914.44794538687,2085193832,1519388456,2020-09-29 13:28:29
807,1757,0.008960485458374023,18,11539.937491531744,1190086148,1530751146,2020-09-29 13:28:29
807,1757,0.009248733520507812,33,41694.75592591863,173969709,5274176364,2020-09-29 13:28:29
807,1757,0.008573293685913086,4,5862.641233390919,1633124797,535915,2020-09-29 13:28:29
807,1757,0.00949239730834961,52,23450.323508250625,302256955,2278683658,2020-09-29 13:28:29
807,1757,0.008535385131835938,11,4593.835566227035,619736,3715054542,2020-09-29 13:28:29
807,1757,0.009006500244140625,14,8234.589961517417,1961230800,1044593693,2020-09-29 13:28:29
807,1757,0.009603023529052734,40,47204.40336560712,290363375,2278702090,2020-09-29 13:28:29
807,1757,0.00953984260559082,38,22390.03839958364,259449369,104581631,2020-09-29 13:28:29
807,1757,0.009590625762939453,29,25883.817612410297,132199062,1519388347,2020-09-29 13:28:29
807,1757,0.009659290313720703,62,31091.885955443606,1301156726,108008269,2020-09-29 13:28:29
807,1757,0.009504556655883789,40,45638.67966254699,1519388601,1044593693,2020-09-29 13:28:29
807,1757,0.010195732116699219,8,2480.729757416032,2174753809,1372334003,2020-09-29 13:28:29
807,1757,0.009828329086303711,41,21020.67125602547,1368711474,269774437,2020-09-29 13:28:29
807,1757,0.009132623672485352,31,11948.03090011242,619918871,1552007139,2020-09-29 13:28:29
807,1757,0.011045455932617188,34,64566.68559499612,1519388453,262198410,2020-09-29 13:28:29
807,1757,0.010065793991088867,27,18969.210733575048,2140577685,108378252,2020-09-29 13:28:29
807,1757,0.010852336883544922,41,52961.798234450995,2442543922,33743025,2020-09-29 13:28:29
807,1757,0.010290861129760742,19,41709.77293024712,268091455,1555494272,2020-09-29 13:28:29
807,1757,0.008821725845336914,11,11481.891568582505,254401463,1530751194,2020-09-29 13:28:29
807,1757,0.009223699569702148,28,7825.056251862157,144507663,302269831,2020-09-29 13:28:29
807,1757,0.009858131408691406,46,35910.086071509075,3453573279,270504002,2020-09-29 13:28:30
807,1757,0.009810686111450195,33,21648.97639251914,252591968,1519388347,2020-09-29 13:28:30
807,1757,0.008884668350219727,22,39627.556667867335,378784692,4425648447,2020-09-29 13:28:30
807,1757,0.009570837020874023,38,52590.864517981565,1581015647,3457575231,2020-09-29 13:28:30
807,1757,0.008891820907592773,12,4236.201035008497,281591059,5317280477,2020-09-29 13:28:30
807,1757,0.009644508361816406,34,27905.189157147874,260284230,2140471629,2020-09-29 13:28:30
807,1757,0.010300159454345703,43,56091.1182206455,1961230760,1529390606,2020-09-29 13:28:30
807,1757,0.008875846862792969,29,16144.83320801088,264937912,3002964139,2020-09-29 13:28:30
807,1757,0.009210348129272461,27,24634.406786497282,1478947455,108007102,2020-09-29 13:28:30
807,1757,0.008598566055297852,23,42654.78997179359,1116767501,290469238,2020-09-29 13:28:30
807,1757,0.009453058242797852,58,26947.082818780607,108008071,3715054542,2020-09-29 13:28:30
807,1757,0.010219812393188477,34,59660.80807764134,262802970,3123245633,2020-09-29 13:28:30
807,1757,0.008033990859985352,10,2291.9643153541274,132201156,268641371,2020-09-29 13:28:30
807,1757,0.008482694625854492,4,1581.3438799820224,1044595258,273103707,2020-09-29 13:28:30
807,1757,0.009485960006713867,52,30406.588396876716,259449757,1580680250,2020-09-29 13:28:30
807,1757,0.008677244186401367,14,9246.34098526537,317635389,278238397,2020-09-29 13:28:30
807,1757,0.008809089660644531,21,26656.986802126077,1519431410,4431485235,2020-09-29 13:28:30
807,1757,0.008847236633300781,37,30133.80059792206,1173069477,2278683658,2020-09-29 13:28:30
807,1757,0.009295463562011719,34,20058.159796423075,178885824,3542385775,2020-09-29 13:28:30
807,1757,0.009727954864501953,46,69267.41628996517,622574,1521767590,2020-09-29 13:28:30
807,1757,0.010066747665405273,59,66665.98852695356,357629611,122418573,2020-09-29 13:28:30
807,1757,0.007411003112792969,10,9538.801425940745,2457772325,1821674458,2020-09-29 13:28:30
807,1757,0.010232210159301758,80,78217.78044944724,1210364493,269774451,2020-09-29 13:28:30
807,1757,0.009439706802368164,48,22861.481047110443,5654630372,1754334597,2020-09-29 13:28:30
807,1757,0.008742094039916992,11,19818.13264802456,4425648447,1519431680,2020-09-29 13:28:30
807,1757,0.009857177734375,35,47029.77787401688,259449267,558922134,2020-09-29 13:28:30
807,1757,0.009531259536743164,38,18804.408478792622,144507663,173969709,2020-09-29 13:28:30
807,1757,0.009003639221191406,56,46474.29640143365,1850648548,369432207,2020-09-29 13:28:30
807,1757,0.008428812026977539,29,33027.66757807255,260284314,2520289066,2020-09-29 13:28:30
807,1757,0.008856534957885742,26,29956.03625334858,267103889,1555553275,2020-09-29 13:28:30
807,1757,0.008753299713134766,24,3673.5275161171794,1552007139,2130434294,2020-09-29 13:28:30
807,1757,0.008919477462768555,17,4274.742670194601,1521938267,281431344,2020-09-29 13:28:30
807,1757,0.008516550064086914,28,38063.290082977175,378784695,289099397,2020-09-29 13:28:30
807,1757,0.009095191955566406,59,24855.990598545563,1754334597,5317280469,2020-09-29 13:28:30
807,1757,0.008827924728393555,47,20126.07612144587,283826150,253041416,2020-09-29 13:28:30
807,1757,0.009899616241455078,61,45590.51518027432,1521767590,386314780,2020-09-29 13:28:30
807,1757,0.009242773056030273,58,38427.661757053196,1173295721,361503249,2020-09-29 13:28:30
807,1757,0.008867025375366211,43,55183.48164640635,357629607,937991474,2020-09-29 13:28:30
807,1757,0.009245157241821289,17,6986.700253635257,310767339,104588844,2020-09-29 13:28:30
807,1757,0.009111642837524414,61,26085.767454013265,1044595258,271054965,2020-09-29 13:28:30
807,1757,0.010879755020141602,63,66598.49518171878,247314343,4452535225,2020-09-29 13:28:30
807,1757,0.007858514785766602,22,37399.18495277385,446095912,3123245633,2020-09-29 13:28:30
807,1757,0.009011030197143555,31,26399.167388429072,1533147006,108007102,2020-09-29 13:28:30
807,1757,0.009865760803222656,61,39233.06843217997,132530069,2491955622,2020-09-29 13:28:30
807,1757,0.008508443832397461,12,4512.659446392942,2140511556,1269584653,2020-09-29 13:28:30
807,1757,0.008682012557983398,18,15098.287502453182,253041443,2592484369,2020-09-29 13:28:30
807,1757,0.009451150894165039,46,60866.22446433044,252791233,264348471,2020-09-29 13:28:30
807,1757,0.009414196014404297,46,33580.19289156812,259198384,83803392,2020-09-29 13:28:30
807,1757,0.008939027786254883,46,19976.910779554066,1581015647,2278683658,2020-09-29 13:28:30
807,1757,0.010116100311279297,74,55313.93853590188,108378252,313176433,2020-09-29 13:28:30
807,1757,0.008531808853149414,18,4762.689016608454,1270334277,252591968,2020-09-29 13:28:30
807,1757,0.008708953857421875,24,43880.320914645396,262292993,837846984,2020-09-29 13:28:30
807,1757,0.00914454460144043,33,24500.629151067038,281591059,259048812,2020-09-29 13:28:30
807,1757,0.009261608123779297,46,84908.42028851388,262198967,3457575243,2020-09-29 13:28:30
807,1757,0.00888824462890625,39,43300.1422518052,1759920445,273103659,2020-09-29 13:28:30
807,1757,0.008964300155639648,44,20086.370583035845,1589242341,253041443,2020-09-29 13:28:30
807,1757,0.008373022079467773,9,3275.4446150034873,1187781294,281431991,2020-09-29 13:28:30
807,1757,0.009043216705322266,52,36211.78346774666,2442543922,2054428664,2020-09-29 13:28:30
807,1757,0.008605241775512695,11,3359.7787770475343,318306459,4431485222,2020-09-29 13:28:30
807,1757,0.009213447570800781,28,12956.690663976447,1552007139,1582690471,2020-09-29 13:28:30
807,1757,0.008469581604003906,15,21373.153253656783,1173295678,735145189,2020-09-29 13:28:30
807,1757,0.009641885757446289,36,48591.57520809353,418792045,1259527919,2020-09-29 13:28:30
807,1757,0.00978231430053711,84,64780.90389746768,1534644125,937150901,2020-09-29 13:28:30
807,1757,0.010421276092529297,67,43419.45343650992,268093879,270313156,2020-09-29 13:28:30
807,1757,0.009253740310668945,36,26366.18255807368,391825231,619814,2020-09-29 13:28:30
807,1757,0.010642051696777344,47,56135.60846633522,313176433,1273673372,2020-09-29 13:28:30
807,1757,0.011527061462402344,62,51246.97794701148,1520370366,2442714491,2020-09-29 13:28:30
807,1757,0.009079456329345703,27,15763.185319112768,3457640727,312690381,2020-09-29 13:28:30
807,1757,0.008514642715454102,34,17888.955188743395,619736,252791233,2020-09-29 13:28:30
807,1757,0.009050607681274414,67,49254.673476567696,1534597355,112379123,2020-09-29 13:28:30
807,1757,0.008581876754760742,9,7951.770423098146,260964476,88881750,2020-09-29 13:28:31
807,1757,0.009886741638183594,47,76301.91505307383,262198967,1530751194,2020-09-29 13:28:31
807,1757,0.009759902954101562,42,38313.64362199486,269774451,418230871,2020-09-29 13:28:31
807,1757,0.009341716766357422,49,34700.12346974517,1173296021,269774468,2020-09-29 13:28:31
807,1757,0.00929713249206543,32,17675.396227532303,2270782858,4422839345,2020-09-29 13:28:31
807,1757,0.009409904479980469,34,13596.546880833248,1555553275,1991562099,2020-09-29 13:28:31
807,1757,0.008692026138305664,26,45552.38784062154,319471661,25695034,2020-09-29 13:28:31
807,1757,0.008943557739257812,40,22535.972545885274,1187781294,1190097433,2020-09-29 13:28:31
807,1757,0.00895071029663086,25,43993.264629362246,446095921,88881748,2020-09-29 13:28:31
807,1757,0.008511781692504883,20,5189.800625756515,302269831,108380443,2020-09-29 13:28:31
807,1757,0.00856161117553711,8,3627.350851486865,1372333989,1195765364,2020-09-29 13:28:31
807,1757,0.008800029754638672,22,3991.8742869997386,339145102,259035208,2020-09-29 13:28:31
807,1757,0.010094642639160156,43,48465.22577383297,2520289093,264124407,2020-09-29 13:28:31
807,1757,0.008519649505615234,35,19681.881545388274,2500074229,115946148,2020-09-29 13:28:31
807,1757,0.00836801528930664,8,12865.605774511312,33743042,303218714,2020-09-29 13:28:31
807,1757,0.008551359176635742,16,2723.899702984278,1991562095,1580961052,2020-09-29 13:28:31
807,1757,0.009121417999267578,25,47023.858473554516,267104019,1534644122,2020-09-29 13:28:31
807,1757,0.008702278137207031,11,2735.2136260146235,262669375,2285460549,2020-09-29 13:28:31
807,1757,0.008930206298828125,27,62410.05020929014,264348471,268623845,2020-09-29 13:28:31
807,1757,0.00926661491394043,36,60583.694033640764,259048729,122373344,2020-09-29 13:28:31
807,1757,0.00849294662475586,38,44951.43412673431,281432094,311525006,2020-09-29 13:28:31
807,1757,0.009601116180419922,33,47667.99655199289,1537298708,278238397,2020-09-29 13:28:31
807,1757,0.0087738037109375,18,20347.688394039924,281431986,4422839345,2020-09-29 13:28:31
807,1757,0.01029825210571289,48,75247.38581585608,2442714551,523205,2020-09-29 13:28:31
807,1757,0.008586406707763672,6,3459.4810273473304,318918815,2146599025,2020-09-29 13:28:31
807,1757,0.009348154067993164,51,19051.431489010123,418792045,5654630372,2020-09-29 13:28:31
807,1757,0.009806632995605469,60,26969.88705005453,108007959,259449762,2020-09-29 13:28:31
807,1757,0.008870840072631836,34,63102.24510579408,3457575249,259818712,2020-09-29 13:28:31
807,1757,0.008527755737304688,12,3386.405730336057,259449757,294946437,2020-09-29 13:28:31
807,1757,0.010782003402709961,76,72736.70713464978,83803392,3143493500,2020-09-29 13:28:31
807,1757,0.00848698616027832,16,13042.83505082744,278238879,289099394,2020-09-29 13:28:31
807,1757,0.008820295333862305,19,7690.0297348962595,108006773,252591965,2020-09-29 13:28:31
807,1757,0.011091947555541992,50,98167.65123354737,622574,558922191,2020-09-29 13:28:31
807,1757,0.010317564010620117,11,20071.62393910141,4425648447,258599282,2020-09-29 13:28:31
807,1757,0.011045217514038086,72,49014.250800793794,1500407241,817340420,2020-09-29 13:28:31
807,1757,0.009075403213500977,17,20149.52899775942,320142310,2130434290,2020-09-29 13:28:31
807,1757,0.010530233383178711,70,33889.96408078051,104583881,1478947455,2020-09-29 13:28:31
807,1757,0.009789705276489258,20,22232.819372741495,2592478405,389793024,2020-09-29 13:28:31
807,1757,0.008818387985229492,13,36320.47711385338,1521767668,340305774,2020-09-29 13:28:31
807,1757,0.010049819946289062,70,36488.53731713297,321663291,104583859,2020-09-29 13:28:31
807,1757,0.010956287384033203,54,44216.833036319855,130234928,311524999,2020-09-29 13:28:31
807,1757,0.008852005004882812,19,9146.929244133238,258775533,104579407,2020-09-29 13:28:31
807,1757,0.009205102920532227,38,49771.637241597615,2442714505,253061379,2020-09-29 13:28:31
807,1757,0.009995222091674805,63,32726.329506303904,1580680255,817340420,2020-09-29 13:28:31
807,1757,0.009804010391235352,45,28782.160931977378,108009287,1533147006,2020-09-29 13:28:31
807,1757,0.011099815368652344,25,17849.323013351495,259048680,258775533,2020-09-29 13:28:31
807,1757,0.007855415344238281,13,1829.6150135106993,256914799,130234729,2020-09-29 13:28:31
807,1757,0.008694171905517578,12,2395.2959420145844,104589241,2980496380,2020-09-29 13:28:31
807,1757,0.009279727935791016,38,67315.41286995064,1173295406,1555494272,2020-09-29 13:28:31
807,1757,0.009550809860229492,42,21499.148890832228,619918867,1519388388,2020-09-29 13:28:31
807,1757,0.00892019271850586,26,23955.917037758907,319471654,264515424,2020-09-29 13:28:31
807,1757,0.00986170768737793,54,26365.35848025841,617550192,566573310,2020-09-29 13:28:31
807,1757,0.008757591247558594,7,2864.8075432783594,144507663,1521938267,2020-09-29 13:28:31
807,1757,0.009544849395751953,30,58928.50342436106,1555494142,88881748,2020-09-29 13:28:31
807,1757,0.009587764739990234,47,60535.931476263526,1850648546,4429104521,2020-09-29 13:28:31
807,1757,0.00934743881225586,15,5164.024906781966,83803392,1190097433,2020-09-29 13:28:31
807,1757,0.010338544845581055,60,28717.298239442975,130245452,259449757,2020-09-29 13:28:31
807,1757,0.009289979934692383,18,3749.2557098698517,1570955602,104588844,2020-09-29 13:28:31
807,1757,0.010683059692382812,37,78871.30102438564,2457772325,378784692,2020-09-29 13:28:31
807,1757,0.009150505065917969,33,31159.14616337722,1410861896,4429104523,2020-09-29 13:28:31
807,1757,0.009221553802490234,29,46672.7570243381,96946844,25695035,2020-09-29 13:28:31
807,1757,0.009832620620727539,29,47438.359473793185,1561525406,1044594469,2020-09-29 13:28:31
807,1757,0.00926065444946289,29,27919.559511744857,34592441,5654630372,2020-09-29 13:28:31
807,1757,0.010211944580078125,59,54395.77708065868,536424,269774468,2020-09-29 13:28:31
807,1757,0.008504629135131836,1,117.81574220293135,2520289093,2520289068,2020-09-29 13:28:31
807,1757,0.008649587631225586,17,10553.627633870794,1368711474,2054428664,2020-09-29 13:28:31
807,1757,0.008728981018066406,42,17754.378428652955,1552007125,352477909,2020-09-29 13:28:31
807,1757,0.008949518203735352,19,24076.02001399026,1537298700,2964173870,2020-09-29 13:28:31
807,1757,0.009016752243041992,34,21390.681389035366,119366851,1821674472,2020-09-29 13:28:32
807,1757,0.00982666015625,62,46985.50429343836,108378222,122418573,2020-09-29 13:28:32
807,1757,0.009479284286499023,64,29458.748791362654,302269831,321663249,2020-09-29 13:28:32
807,1757,0.010115861892700195,67,59345.39887887156,1482351270,319471661,2020-09-29 13:28:32
807,1757,0.008345603942871094,10,7539.620871081303,252791920,264124407,2020-09-29 13:28:32
807,1757,0.008618831634521484,37,38614.785412065925,2085193821,108009059,2020-09-29 13:28:32
807,1757,0.009027957916259766,43,44781.35811147083,1850648548,1961230800,2020-09-29 13:28:32
807,1757,0.008412599563598633,14,6661.655657700546,348027881,1410861896,2020-09-29 13:28:32
807,1757,0.009125471115112305,37,52028.481319381746,1488430779,262198814,2020-09-29 13:28:32
807,1757,0.009543895721435547,16,31466.600157391433,4038426568,523205,2020-09-29 13:28:32
807,1757,0.010398387908935547,33,70018.7188634066,259048810,269182526,2020-09-29 13:28:32
807,1757,0.00906682014465332,74,50055.031246578896,2500074239,299414671,2020-09-29 13:28:32
807,1757,0.010625600814819336,70,70270.33089356149,1083511733,34595182,2020-09-29 13:28:32
807,1757,0.010268211364746094,41,53802.41550398613,1533282798,391825231,2020-09-29 13:28:32
807,1757,0.007737398147583008,21,32442.782948125645,2520289093,2592478408,2020-09-29 13:28:32
807,1757,0.008898258209228516,26,25461.155190598387,390904912,1519388420,2020-09-29 13:28:32
807,1757,0.00958704948425293,39,21120.129385049033,1567300959,173970289,2020-09-29 13:28:32
807,1757,0.008362531661987305,12,5307.169720788188,130245475,1580680255,2020-09-29 13:28:32
807,1757,0.008339166641235352,13,12547.560521943826,536518,1482351270,2020-09-29 13:28:32
807,1757,0.009410619735717773,32,13395.641920982902,144507663,104583881,2020-09-29 13:28:32
807,1757,0.008696317672729492,20,1887.60775407578,310767339,253061496,2020-09-29 13:28:32
807,1757,0.01001882553100586,59,46075.525068063325,1533146769,108378028,2020-09-29 13:28:32
807,1757,0.007758378982543945,26,37849.95188715416,2397868535,1521815699,2020-09-29 13:28:32
807,1757,0.00845193862915039,32,18651.467197764672,108378028,617550198,2020-09-29 13:28:32
807,1757,0.009438276290893555,48,29851.184256502,1580680255,1500407241,2020-09-29 13:28:32
807,1757,0.009247303009033203,30,29520.39400529051,1173021592,5605660114,2020-09-29 13:28:32
807,1757,0.010780572891235352,37,65811.48605569082,406682354,88880866,2020-09-29 13:28:32
807,1757,0.008220434188842773,3,2461.607296984472,108008406,1580680250,2020-09-29 13:28:32
807,1757,0.008594512939453125,36,40685.265161905416,270312073,1187781296,2020-09-29 13:28:32
807,1757,0.009100914001464844,29,38232.8936395108,273115533,1533146967,2020-09-29 13:28:32
807,1757,0.009388923645019531,53,42117.23491518733,1533146769,173970289,2020-09-29 13:28:32
807,1757,0.009449243545532227,57,48707.40178620393,268091366,1173021552,2020-09-29 13:28:32
807,1757,0.01102900505065918,20,17297.065385975122,130234729,1519388388,2020-09-29 13:28:32
807,1757,0.010832071304321289,22,25050.393850052038,1173295599,389793024,2020-09-29 13:28:32
807,1757,0.009238481521606445,43,60837.64894140079,558922319,379021085,2020-09-29 13:28:32
807,1757,0.009074687957763672,26,63268.7141190956,262198410,1519388305,2020-09-29 13:28:32
807,1757,0.00880122184753418,37,30494.645827160355,318306439,264937912,2020-09-29 13:28:32
807,1757,0.009829044342041016,78,46674.07130375004,83803957,1500407241,2020-09-29 13:28:32
807,1757,0.008281946182250977,24,35035.22695287629,419532838,303337408,2020-09-29 13:28:32
807,1757,0.00909423828125,42,58903.59274564357,274976134,386314780,2020-09-29 13:28:32
807,1757,0.009207010269165039,42,29824.312993618467,1533146967,108231962,2020-09-29 13:28:32
807,1757,0.008597373962402344,16,5449.035633030937,442399133,104581650,2020-09-29 13:28:32
807,1757,0.009536981582641602,57,25508.461879414735,169542568,566573310,2020-09-29 13:28:32
807,1757,0.00994253158569336,68,50542.87679885419,251784780,2442571237,2020-09-29 13:28:32
807,1757,0.00912165641784668,36,36546.593481141026,1521767668,104580839,2020-09-29 13:28:32
807,1757,0.00823664665222168,5,5195.309569769397,262498766,264515516,2020-09-29 13:28:32
807,1757,0.008560657501220703,20,29153.02844078821,2520289068,83803392,2020-09-29 13:28:32
807,1757,0.00903940200805664,35,21355.177452331376,1552007139,1531743887,2020-09-29 13:28:32
807,1757,0.010541677474975586,65,71946.39579853005,2442714491,338968882,2020-09-29 13:28:32
807,1757,0.009420156478881836,56,58476.002338401755,3123245633,2505279966,2020-09-29 13:28:32
807,1757,0.008985519409179688,46,29673.960896391418,4131008546,269774468,2020-09-29 13:28:32
807,1757,0.009272575378417969,40,81850.92418805964,25695063,1538781889,2020-09-29 13:28:32
807,1757,0.008459091186523438,13,20762.877107883283,1533146769,276214569,2020-09-29 13:28:32
807,1757,0.009390115737915039,31,32593.360192635686,1070471337,500680,2020-09-29 13:28:32
807,1757,0.009021520614624023,21,6462.6373314786215,2278702090,621144228,2020-09-29 13:28:32
807,1757,0.008289337158203125,9,13486.779207327783,1519388479,321663247,2020-09-29 13:28:32
807,1757,0.008669614791870117,35,28435.64122944596,132197375,264124210,2020-09-29 13:28:32
807,1757,0.010300636291503906,32,45054.32440436518,281591059,1827406043,2020-09-29 13:28:32
807,1757,0.008769989013671875,34,43220.57170923714,357629601,83803472,2020-09-29 13:28:32
807,1757,0.008798837661743164,23,34311.773278561544,523205,253061496,2020-09-29 13:28:32
807,1757,0.00836324691772461,16,5158.574285376471,104589241,119367362,2020-09-29 13:28:32
807,1757,0.00918436050415039,32,62391.747865250785,1519388287,261068604,2020-09-29 13:28:32
807,1757,0.0096435546875,68,56189.82703626879,311524999,1410861896,2020-09-29 13:28:32
807,1757,0.009460210800170898,18,7872.018358559649,108009059,262802966,2020-09-29 13:28:32
807,1757,0.008794546127319336,28,54997.23310250379,378761928,269173554,2020-09-29 13:28:32
807,1757,0.009149789810180664,68,27351.375418787953,1301157328,2130434290,2020-09-29 13:28:32
807,1757,0.008690118789672852,34,21059.808662113795,2563517934,268623844,2020-09-29 13:28:32
807,1757,0.01035308837890625,77,55905.39874386219,169584791,1534644125,2020-09-29 13:28:32
807,1757,0.01009511947631836,7,7669.624679467105,261068023,261068583,2020-09-29 13:28:33
807,1757,0.009590387344360352,19,37459.36716609499,3123245575,4431485235,2020-09-29 13:28:33
807,1757,0.008836030960083008,6,1768.9057769139697,1478947470,320142310,2020-09-29 13:28:33
807,1757,0.009288311004638672,13,24037.10159053866,34595182,2442714421,2020-09-29 13:28:33
807,1757,0.011705398559570312,56,43427.52061212135,270313156,268093879,2020-09-29 13:28:33
807,1757,0.011980772018432617,60,28091.158751379986,1504131796,273118352,2020-09-29 13:28:33
807,1757,0.007783174514770508,9,17788.674221858277,1210364493,1482351270,2020-09-29 13:28:33
807,1757,0.008736371994018555,48,64397.83389841707,311525006,536454,2020-09-29 13:28:33
807,1757,0.008976221084594727,30,16483.934077026286,2714604903,115946489,2020-09-29 13:28:33
807,1757,0.00941920280456543,29,30188.377042479988,312690381,1534597370,2020-09-29 13:28:33
807,1757,0.009006023406982422,24,21142.64527452469,1519431680,1570955606,2020-09-29 13:28:33
807,1757,0.011882543563842773,40,58176.961780044396,316846411,1368711473,2020-09-29 13:28:33
807,1757,0.013353586196899414,41,60116.886522504465,119720466,34592756,2020-09-29 13:28:33
807,1757,0.011584997177124023,33,52193.05995906514,2442714466,2964173870,2020-09-29 13:28:33
807,1757,0.011233091354370117,33,19389.555566857518,253061381,418230871,2020-09-29 13:28:33
807,1757,0.008504629135131836,72,35373.2228941835,937150901,4422839345,2020-09-29 13:28:33
807,1757,0.01116323471069336,22,3487.7640753074984,253061379,253041443,2020-09-29 13:28:33
807,1757,0.008244514465332031,13,14343.139255335773,1580680250,3670322258,2020-09-29 13:28:33
807,1757,0.011112213134765625,21,15787.34545897369,252627643,4422839345,2020-09-29 13:28:33
807,1757,0.0076580047607421875,30,11449.008588734945,1589242341,278238492,2020-09-29 13:28:33
807,1757,0.011603116989135742,45,18956.691346779688,108007102,4422839345,2020-09-29 13:28:33
807,1757,0.007772684097290039,39,24935.304921881474,256914799,269173554,2020-09-29 13:28:33
807,1757,0.008194684982299805,18,19408.164810519294,1961231084,269014374,2020-09-29 13:28:33
807,1757,0.009541988372802734,50,69543.92080232529,88881748,1521973658,2020-09-29 13:28:33
807,1757,0.01139068603515625,42,57292.391446744376,1538781725,311525003,2020-09-29 13:28:33
807,1757,0.007781505584716797,44,31875.140953092916,270313156,619918867,2020-09-29 13:28:33
807,1757,0.012061834335327148,44,41537.30630548002,1537298700,1561525648,2020-09-29 13:28:33
807,1757,0.011575698852539062,29,33494.99521068814,119720447,270194292,2020-09-29 13:28:33
807,1757,0.006952047348022461,8,1876.7175801527467,268093841,320142300,2020-09-29 13:28:33
807,1757,0.011276006698608398,37,33101.83711955066,270311698,268640236,2020-09-29 13:28:33
807,1757,0.008434057235717773,38,23837.635394733315,1368711473,379021085,2020-09-29 13:28:33
807,1757,0.01209115982055664,38,35515.151481053486,1173295944,268640236,2020-09-29 13:28:33
807,1757,0.007692575454711914,22,21306.01466403299,1531769920,1190086148,2020-09-29 13:28:33
807,1757,0.009259223937988281,48,20718.845328078663,83803472,260284230,2020-09-29 13:28:33
807,1757,0.009082794189453125,63,29530.2786606434,2140511556,4131008546,2020-09-29 13:28:33
807,1757,0.01190328598022461,60,67469.8699646113,2442543922,173971120,2020-09-29 13:28:33
807,1757,0.010502338409423828,4,114.3177379521058,253061379,1111851840,2020-09-29 13:28:33
807,1757,0.008985519409179688,47,75404.57993667909,261068583,619814,2020-09-29 13:28:33
807,1757,0.008965015411376953,64,51367.26006028502,1850648552,1581015647,2020-09-29 13:28:33
807,1757,0.00932931900024414,68,34739.108736730544,473475557,2140511556,2020-09-29 13:28:33
807,1757,0.011584281921386719,36,26924.250073019466,270312073,1570955602,2020-09-29 13:28:33
807,1757,0.008232355117797852,34,23505.452230119805,144507489,1500407241,2020-09-29 13:28:33
807,1757,0.012569189071655273,60,33029.90953340915,5073032589,339460864,2020-09-29 13:28:33
807,1757,0.008001089096069336,34,45627.85350359655,1529390606,262498778,2020-09-29 13:28:33
807,1757,0.009694099426269531,17,17325.178104674666,281591059,1519431680,2020-09-29 13:28:33
807,1757,0.008563995361328125,27,34754.46494426764,1540606444,178990628,2020-09-29 13:28:33
807,1757,0.009684324264526367,71,29770.70392395111,443966625,273115834,2020-09-29 13:28:33
807,1757,0.011331558227539062,63,34250.94730006031,278238456,1580680255,2020-09-29 13:28:33
807,1757,0.012163877487182617,29,41708.5497774614,3143493505,289099394,2020-09-29 13:28:33
807,1757,0.007927179336547852,51,43722.61068817376,156861113,259818701,2020-09-29 13:28:33
807,1757,0.008390426635742188,29,5865.175382270506,2140471581,132592390,2020-09-29 13:28:33
807,1757,0.009161949157714844,75,37425.479510233374,132198957,96940646,2020-09-29 13:28:33
807,1757,0.008549213409423828,16,3800.665247230779,1270334275,1521767668,2020-09-29 13:28:33
807,1757,0.00841069221496582,36,18238.696154326586,319061342,259035208,2020-09-29 13:28:33
807,1757,0.008561134338378906,28,41013.49430437226,2520289062,1173004369,2020-09-29 13:28:33
807,1757,0.009116888046264648,31,35193.88692470426,144507663,536455,2020-09-29 13:28:33
807,1757,0.010393619537353516,87,72311.98610211202,344051623,320020256,2020-09-29 13:28:33
807,1757,0.008362531661987305,17,21035.047604076288,1530751194,1520370366,2020-09-29 13:28:33
807,1757,0.010985612869262695,19,26365.359629610935,1173004339,1534644122,2020-09-29 13:28:33
807,1757,0.008072137832641602,33,51709.824389765534,320142300,4450173820,2020-09-29 13:28:33
807,1757,0.008504629135131836,39,58955.40466275282,1533235695,259818701,2020-09-29 13:28:33
807,1757,0.008973360061645508,18,26916.283097358522,115946148,50061248,2020-09-29 13:28:33
807,1757,0.008235454559326172,12,13680.157435945996,50061252,558922191,2020-09-29 13:28:33
807,1757,0.008071660995483398,21,23409.31513869225,2442543923,259449765,2020-09-29 13:28:33
807,1757,0.007999181747436523,10,13772.784730663983,1519388490,1520370366,2020-09-29 13:28:33
807,1757,0.009351015090942383,59,35907.046940721455,5073032589,1519388628,2020-09-29 13:28:33
807,1757,0.008360624313354492,18,23317.376203016203,1961230706,1519388427,2020-09-29 13:28:33
807,1757,0.012511968612670898,59,59872.872013960594,144507231,378761928,2020-09-29 13:28:34
807,1757,0.008013725280761719,34,27156.833918996097,270311698,108007959,2020-09-29 13:28:34
807,1757,0.010308504104614258,62,86472.71711667955,261068023,108378222,2020-09-29 13:28:34
807,1757,0.008418560028076172,21,18755.733069440157,5274142267,274976134,2020-09-29 13:28:34
807,1757,0.008159637451171875,11,3225.28036825102,1269584653,156896322,2020-09-29 13:28:34
807,1757,0.008603096008300781,29,15090.909061526247,352477909,262802962,2020-09-29 13:28:34
807,1757,0.008846759796142578,38,55410.58799469401,1564368035,2442714551,2020-09-29 13:28:34
807,1757,0.008794546127319336,33,36490.85016428483,253976210,108231616,2020-09-29 13:28:34
807,1757,0.008719921112060547,27,54130.78703193083,1531743787,386314796,2020-09-29 13:28:34
807,1757,0.008692741394042969,39,49322.44297213908,1961230586,261061183,2020-09-29 13:28:34
807,1757,0.009778976440429688,61,54977.406957529005,2397868536,338968882,2020-09-29 13:28:34
807,1757,0.00826573371887207,27,15521.629541799344,1488430779,259449807,2020-09-29 13:28:34
807,1757,0.008985519409179688,49,32412.703945945923,252791920,1533235695,2020-09-29 13:28:34
807,1757,0.009596824645996094,66,45087.108813648185,1519388347,456862144,2020-09-29 13:28:34
807,1757,0.010042428970336914,46,83551.65879021653,262292993,261068008,2020-09-29 13:28:34
807,1757,0.008358478546142578,61,38783.67600897713,391825231,259048680,2020-09-29 13:28:34
807,1757,0.00843667984008789,39,20717.9911417962,269109608,1195457419,2020-09-29 13:28:34
807,1757,0.008951663970947266,43,77186.89247237638,4429104540,258416536,2020-09-29 13:28:34
807,1757,0.0074901580810546875,11,30602.315201728983,619918871,536455,2020-09-29 13:28:34
807,1757,0.0076541900634765625,28,12283.720910989849,104583881,178990628,2020-09-29 13:28:34
807,1757,0.0097198486328125,3,1618.3662755044875,1567300959,1521973658,2020-09-29 13:28:34
807,1757,0.00952005386352539,22,9150.241804007459,119720447,258599282,2020-09-29 13:28:34
807,1757,0.008499383926391602,25,29735.188163528463,50061290,1555553275,2020-09-29 13:28:34
807,1757,0.009156942367553711,37,28418.76694131759,1392829328,2073937490,2020-09-29 13:28:34
807,1757,0.009555578231811523,50,28099.575082347277,1624556843,1530751146,2020-09-29 13:28:34
807,1757,0.008629798889160156,6,3900.058549507583,132591384,104580839,2020-09-29 13:28:34
807,1757,0.008533239364624023,46,37029.94467990103,321884075,310767339,2020-09-29 13:28:34
807,1757,0.00875997543334961,30,25970.665504442386,4431485228,303218714,2020-09-29 13:28:34
807,1757,0.009415149688720703,45,70245.3833413061,2093319932,144507133,2020-09-29 13:28:34
807,1757,0.008626222610473633,25,13952.401080822367,1521705620,2028001943,2020-09-29 13:28:34
807,1757,0.012793302536010742,43,57108.41625276909,273118571,50061252,2020-09-29 13:28:34
807,1757,0.008136510848999023,10,2694.705884625402,1244393799,1581015668,2020-09-29 13:28:34
807,1757,0.009027242660522461,28,37798.92658485007,289099397,1533146123,2020-09-29 13:28:34
807,1757,0.00851583480834961,20,5287.688818137405,169542416,276214569,2020-09-29 13:28:34
807,1757,0.008979320526123047,33,30274.913739219148,1500407241,262498801,2020-09-29 13:28:34
807,1757,0.008201122283935547,16,16374.664532186656,262498778,259048531,2020-09-29 13:28:34
807,1757,0.009484529495239258,35,44020.56261685025,1533146769,446095868,2020-09-29 13:28:34
807,1757,0.008681058883666992,19,8906.732717319293,268623845,2140503513,2020-09-29 13:28:34
807,1757,0.008367538452148438,8,1007.9257291364028,108381375,1570955602,2020-09-29 13:28:34
807,1757,0.008521318435668945,12,6623.40048107461,96950903,273119617,2020-09-29 13:28:34
807,1757,0.00982356071472168,45,49390.59469048709,442399133,264384455,2020-09-29 13:28:34
807,1757,0.010785579681396484,54,66189.51510281108,4431485228,1827406043,2020-09-29 13:28:34
807,1757,0.007774829864501953,34,57381.71835605803,290469238,321663290,2020-09-29 13:28:34
807,1757,0.012068748474121094,39,49406.216101449645,1961230760,50055720,2020-09-29 13:28:34
807,1757,0.008842229843139648,47,25782.3376039704,4049846097,1533198599,2020-09-29 13:28:34
807,1757,0.008351802825927734,15,23551.614521027772,59657899,259449765,2020-09-29 13:28:34
807,1757,0.008664846420288086,32,30826.560721018235,247681373,173970289,2020-09-29 13:28:34
807,1757,0.008538246154785156,7,2865.2512289723127,253041392,5317280477,2020-09-29 13:28:34
807,1757,0.008754253387451172,36,52626.846019523866,33743042,386314782,2020-09-29 13:28:34
807,1757,0.008504629135131836,23,4639.881499710338,108231936,1570955602,2020-09-29 13:28:34
807,1757,0.008454561233520508,31,18279.79345715452,281432002,817340417,2020-09-29 13:28:34
807,1757,0.01000070571899414,41,47604.15054197445,321663247,2397868535,2020-09-29 13:28:34
807,1757,0.009356260299682617,50,23538.13280475436,83803472,319471654,2020-09-29 13:28:34
807,1757,0.00921940803527832,57,43432.36527116713,1173179812,268623845,2020-09-29 13:28:34
807,1757,0.009716033935546875,55,74736.16695260187,88881748,566578293,2020-09-29 13:28:34
807,1757,0.009376764297485352,29,28911.560375989535,259449267,1533146566,2020-09-29 13:28:34
807,1757,0.008557319641113281,6,7167.040007036085,259449369,259449504,2020-09-29 13:28:34
807,1757,0.008470773696899414,42,30263.732261938414,344051626,3453573270,2020-09-29 13:28:34
807,1757,0.010425090789794922,44,71101.9915710264,178885824,4452535225,2020-09-29 13:28:34
807,1757,0.008968114852905273,35,51348.628239423895,303337408,1187781296,2020-09-29 13:28:34
807,1757,0.00864267349243164,23,10827.109059118491,319471654,340305774,2020-09-29 13:28:34
807,1757,0.008745670318603516,22,12551.350280128734,104579407,169584818,2020-09-29 13:28:34
807,1757,0.010202407836914062,37,52236.106795757085,1961230760,536455,2020-09-29 13:28:34
807,1757,0.010350465774536133,53,94621.08719399915,3143493500,1529390606,2020-09-29 13:28:34
807,1757,0.009780406951904297,37,42868.03678744656,281431991,1500407261,2020-09-29 13:28:34
807,1757,0.009248495101928711,50,26091.535588856023,169542359,281431986,2020-09-29 13:28:34
807,1757,0.008773326873779297,34,35691.6352370048,1519388601,119366851,2020-09-29 13:28:34
807,1757,0.009572029113769531,52,57707.66083221784,2397868536,289099397,2020-09-29 13:28:34
807,1757,0.00840449333190918,18,19118.658830305198,1821674472,1521685628,2020-09-29 13:28:34
807,1757,0.010653018951416016,85,48195.11655520963,259449765,2500074229,2020-09-29 13:28:35
807,1757,0.009573936462402344,48,71619.1525832452,25695034,108231962,2020-09-29 13:28:35
807,1757,0.008423805236816406,11,14036.72145350009,1519388490,321663249,2020-09-29 13:28:35
807,1757,0.008824825286865234,43,21340.966066826888,319061342,649072511,2020-09-29 13:28:35
807,1757,0.009162187576293945,16,26474.92927802928,281591059,267103925,2020-09-29 13:28:35
807,1757,0.009613513946533203,37,64050.82705294121,3143493500,1672517922,2020-09-29 13:28:35
807,1757,0.008830547332763672,38,17504.46223582764,2714604956,1116767495,2020-09-29 13:28:35
807,1757,0.010073661804199219,32,40611.09684861402,178990628,391825231,2020-09-29 13:28:35
807,1757,0.010889530181884766,13,7822.939667746291,262498778,253041442,2020-09-29 13:28:35
807,1757,0.0076143741607666016,29,35187.955036330495,536518,271054623,2020-09-29 13:28:35
807,1757,0.00861501693725586,4,899.2114217874487,130234919,362458584,2020-09-29 13:28:35
807,1757,0.009558439254760742,57,27358.092438498592,108006884,5605660119,2020-09-29 13:28:35
807,1757,0.008784055709838867,27,17985.596674049764,281431344,1581015647,2020-09-29 13:28:35
807,1757,0.008316516876220703,13,8568.435848748633,1519388501,2592484369,2020-09-29 13:28:35
807,1757,0.010765790939331055,5,5618.87250135567,2714604923,264124407,2020-09-29 13:28:35
807,1757,0.008035898208618164,25,6732.010364435323,108006773,3453573270,2020-09-29 13:28:35
807,1757,0.008940696716308594,31,25774.11277289753,1519388614,566578293,2020-09-29 13:28:35
807,1757,0.009362220764160156,33,19770.155101521555,132530191,59657899,2020-09-29 13:28:35
807,1757,0.009640693664550781,38,26961.52099774859,1382935133,1500407241,2020-09-29 13:28:35
807,1757,0.010129213333129883,20,36207.7387590141,1582690471,536454,2020-09-29 13:28:35
807,1757,0.06906437873840332,46,47717.28373262346,357629601,102826693,2020-09-29 13:28:35
807,1757,0.008979320526123047,42,55576.133056171624,473475557,122373344,2020-09-29 13:28:35
807,1757,0.00819087028503418,47,26729.84481462732,83803459,21520030,2020-09-29 13:28:35
807,1757,0.008772850036621094,78,40817.602992192245,108378814,619736,2020-09-29 13:28:35
807,1757,0.008028507232666016,27,7622.443831624736,144507234,108231962,2020-09-29 13:28:35
807,1757,0.008263826370239258,49,61364.025665421184,4429104521,1534597536,2020-09-29 13:28:35
807,1757,0.0076389312744140625,30,9626.325249444726,253976195,370589299,2020-09-29 13:28:35
807,1757,0.008468389511108398,52,35438.9522701757,287266409,261650297,2020-09-29 13:28:35
807,1757,0.00733494758605957,6,13677.99324998069,4422839345,259449807,2020-09-29 13:28:35
807,1757,0.008427143096923828,58,36468.1476147002,418230871,1519431410,2020-09-29 13:28:35
807,1757,0.008215904235839844,48,31085.585568142775,144507133,1173021552,2020-09-29 13:28:35
807,1757,0.007907629013061523,60,48279.60805352783,311525002,169542568,2020-09-29 13:28:35
807,1757,0.00872182846069336,89,46082.95522717774,83803957,1754334597,2020-09-29 13:28:35
807,1757,0.007740020751953125,32,26306.69862005285,1533198599,108008066,2020-09-29 13:28:35
807,1757,0.008083581924438477,23,27896.21648580482,2278763554,267103908,2020-09-29 13:28:35
807,1757,0.008044004440307617,59,57705.26262485264,357629607,358160799,2020-09-29 13:28:35
807,1757,0.008917570114135742,15,15600.377635667497,1519388501,269173554,2020-09-29 13:28:35
807,1757,0.008536577224731445,42,39978.988490151976,1500407241,50061290,2020-09-29 13:28:35
807,1757,0.01013040542602539,46,83970.68102748225,10535529,269107522,2020-09-29 13:28:35
807,1757,0.008469343185424805,28,34649.537887379694,1173179757,21520030,2020-09-29 13:28:35
807,1757,0.00948953628540039,52,32608.77338117963,252627643,316846411,2020-09-29 13:28:35
807,1757,0.008850812911987305,34,18077.94761514354,271054623,318306451,2020-09-29 13:28:35
807,1757,0.009865760803222656,67,36737.208441065275,258599282,473475557,2020-09-29 13:28:35
807,1757,0.008397102355957031,19,24529.992990809034,318306442,259818701,2020-09-29 13:28:35
807,1757,0.008076667785644531,4,6948.758215458522,2592478408,258599282,2020-09-29 13:28:35
807,1757,0.010010719299316406,67,65808.780953673,276173126,262198814,2020-09-29 13:28:35
807,1757,0.008384227752685547,12,2492.4116799485064,276214569,429503735,2020-09-29 13:28:35
807,1757,0.008855581283569336,26,17562.11226874883,2054428664,108009059,2020-09-29 13:28:35
807,1757,0.008212089538574219,12,6791.58062375167,287266409,348027881,2020-09-29 13:28:35
807,1757,0.008008480072021484,16,10830.70806982257,338968882,104587573,2020-09-29 13:28:35
807,1757,0.008469820022583008,35,35314.93532629618,1519388601,1039397010,2020-09-29 13:28:35
807,1757,0.008458375930786133,22,32235.279129301416,2442714491,261061183,2020-09-29 13:28:35
807,1757,0.008072614669799805,19,9699.977942553161,169584791,115946489,2020-09-29 13:28:35
807,1757,0.008291244506835938,33,12087.438498724114,264937912,253061496,2020-09-29 13:28:35
807,1757,0.008341550827026367,34,17131.95173711677,260284573,1552007139,2020-09-29 13:28:35
807,1757,0.009192228317260742,41,25748.176473602343,1270334277,1407324307,2020-09-29 13:28:35
807,1757,0.008291482925415039,37,19059.077736284195,269774468,144507133,2020-09-29 13:28:35
807,1757,0.009898185729980469,63,29017.730937573255,144507234,1116767496,2020-09-29 13:28:35
807,1757,0.011539936065673828,39,44357.079323039594,252591968,2711561401,2020-09-29 13:28:35
807,1757,0.009857177734375,3,418.68462053783406,144507090,1195765364,2020-09-29 13:28:35
807,1757,0.00903630256652832,23,27036.15166772931,2130434290,267634288,2020-09-29 13:28:35
807,1757,0.012402534484863281,76,36124.61007539217,252591968,84744580,2020-09-29 13:28:35
807,1757,0.007880449295043945,25,31363.960026219884,290363274,2130434294,2020-09-29 13:28:35
807,1757,0.00822758674621582,21,28840.983484889704,4425648417,1173021552,2020-09-29 13:28:35
807,1757,0.008956432342529297,42,74003.09571507944,2491955622,122374137,2020-09-29 13:28:35
807,1757,0.00960993766784668,43,49966.68732210086,253061496,3457575219,2020-09-29 13:28:35
807,1757,0.009374618530273438,56,43624.07020281098,1190086175,4429104521,2020-09-29 13:28:35
807,1757,0.008700132369995117,24,37581.84182184605,4431485222,378761928,2020-09-29 13:28:36
807,1757,0.009824752807617188,19,32612.766618991038,2278763554,262292993,2020-09-29 13:28:36
807,1757,0.00962686538696289,57,33148.875089148576,1392805862,344051626,2020-09-29 13:28:36
807,1757,0.009839057922363281,63,39592.86815362918,1824103313,1561525648,2020-09-29 13:28:36
807,1757,0.011412382125854492,38,45153.78351606429,1533146853,318306434,2020-09-29 13:28:36
807,1757,0.00752711296081543,14,23828.75471860167,50061248,108381446,2020-09-29 13:28:36
807,1757,0.008105039596557617,18,15868.424097337036,262498749,321663247,2020-09-29 13:28:36
807,1757,0.008922100067138672,39,49809.426541273664,33743042,5274142267,2020-09-29 13:28:36
807,1757,0.008315801620483398,27,37960.192111117176,2450346999,2491955622,2020-09-29 13:28:36
807,1757,0.008945465087890625,51,55521.93480657551,261583350,268099554,2020-09-29 13:28:36
807,1757,0.010033369064331055,38,55958.26722880386,1961230678,1529390606,2020-09-29 13:28:36
807,1757,0.008275032043457031,25,16795.456264839395,319471654,1393976503,2020-09-29 13:28:36
807,1757,0.009980916976928711,35,28343.332110040956,270313156,1504118629,2020-09-29 13:28:36
807,1757,0.009940385818481445,17,17264.93692745562,2592484369,1961230502,2020-09-29 13:28:36
807,1757,0.009990930557250977,66,31912.972190878063,1504118629,619736,2020-09-29 13:28:36
807,1757,0.009080648422241211,27,63672.04719560715,1519431410,122374137,2020-09-29 13:28:36
807,1757,0.010689973831176758,39,48731.0715533043,321884075,50061304,2020-09-29 13:28:36
807,1757,0.008144140243530273,51,51244.83377257494,122418573,87152484,2020-09-29 13:28:36
807,1757,0.009847164154052734,34,44429.13858008654,649072511,357629611,2020-09-29 13:28:36
807,1757,0.009212255477905273,19,31667.013067322565,108008066,247681373,2020-09-29 13:28:36
807,1757,0.008272886276245117,7,34110.648244490796,262198814,290363274,2020-09-29 13:28:36
807,1757,0.008165121078491211,11,23302.365259936785,4429104540,4452535252,2020-09-29 13:28:36
807,1757,0.009740352630615234,49,58177.8687135781,1482351273,269109608,2020-09-29 13:28:36
807,1757,0.010799646377563477,74,89055.24077590885,88880866,2500074239,2020-09-29 13:28:36
807,1757,0.011229991912841797,18,9847.583150972669,1392805862,566578293,2020-09-29 13:28:36
807,1757,0.009044647216796875,25,23436.655592160816,259449272,298856959,2020-09-29 13:28:36
807,1757,0.009258747100830078,38,82735.07704704908,3457575243,261068583,2020-09-29 13:28:36
807,1757,0.008956670761108398,39,46978.3132212865,4429104539,253041442,2020-09-29 13:28:36
807,1757,0.00883936882019043,13,16135.574908616929,2278683658,1519388456,2020-09-29 13:28:36
807,1757,0.010895013809204102,44,69846.50974090814,4452535252,617550198,2020-09-29 13:28:36
807,1757,0.00747990608215332,9,8114.548648458046,264515516,1520370410,2020-09-29 13:28:36
807,1757,0.008847475051879883,29,39314.405994605484,281431986,1821674460,2020-09-29 13:28:36
807,1757,0.00999760627746582,26,41693.80039758134,1520370366,391825231,2020-09-29 13:28:36
807,1757,0.008922576904296875,22,33504.53283211971,318306439,3670322258,2020-09-29 13:28:36
807,1757,0.011133193969726562,33,35698.52826010794,268641371,536424,2020-09-29 13:28:36
807,1757,0.008362293243408203,49,38154.94870343023,132198957,270313779,2020-09-29 13:28:36
807,1757,0.009079694747924805,47,24455.30191574521,269774451,169542416,2020-09-29 13:28:36
807,1757,0.009576559066772461,63,40210.84055675192,391825231,1410861896,2020-09-29 13:28:36
807,1757,0.008941650390625,38,32159.85091331961,1519388388,1478947455,2020-09-29 13:28:36
807,1757,0.009897708892822266,31,19126.810382621,260284573,108008269,2020-09-29 13:28:36
807,1757,0.009593963623046875,39,56389.39316994918,558922319,1824103313,2020-09-29 13:28:36
807,1757,0.008728742599487305,7,2492.7750601533444,1111851840,1372334003,2020-09-29 13:28:36
807,1757,0.008878469467163086,31,23540.907885061253,270313779,1519388388,2020-09-29 13:28:36
807,1757,0.009989023208618164,61,33653.95889739867,132591461,344051626,2020-09-29 13:28:36
807,1757,0.010160446166992188,72,72934.25172095551,1521815699,261061183,2020-09-29 13:28:36
807,1757,0.009027719497680664,32,13747.040980000862,631756175,3453573279,2020-09-29 13:28:36
807,1757,0.0086212158203125,17,15476.509808051107,391825231,178919189,2020-09-29 13:28:36
